#,Name,Team,ESPN,Y!,$,G,GS,QS,W,L,SV,HLD,IP,H,ER,HR,K,BB,ERA,FIP,WHIP,BABIP,Own%
1,Justin Verlander,HOU,SP,SP,29.3,27,27,21,17,4,0,0,170.0,116,34,12,175,28,1.80,2.57,0.85,0.243,100
2,Sandy Alcantara,MIA,SP,SP,25.5,32,32,24,14,9,0,0,228.7,174,58,16,207,50,2.28,2.99,0.98,0.262,100
3,Julio Urias,LAD,SP,SP,24.5,30,30,19,17,7,0,0,170.0,123,40,21,162,40,2.12,3.61,0.96,0.232,100
4,Alek Manoah,TOR,SP,SP,24.3,31,31,25,16,7,0,0,196.7,144,49,16,180,51,2.24,3.35,0.99,0.245,100
5,Shohei Ohtani,LAA,SP,SP,23.4,27,27,16,15,8,0,0,161.0,123,42,14,213,43,2.35,2.44,1.03,0.295,100
6,Emmanuel Clase,CLE,RP,RP,22.8,76,0,0,3,4,41,0,71.7,42,11,3,75,10,1.38,2.03,0.73,0.212,100
7,Dylan Cease,CHW,SP,SP,22.7,32,32,16,14,8,0,0,184.0,126,45,16,227,78,2.20,3.10,1.11,0.261,91
8,Yu Darvish,SD,SP,SP,22.6,30,30,25,16,8,0,0,194.7,148,67,22,197,37,3.10,3.32,0.95,0.251,100
9,Carlos Rodon,SF,SP,SP,22.4,31,31,16,14,8,0,0,178.0,131,57,12,237,52,2.88,2.26,1.03,0.295,100
10,Zac Gallen,ARI,SP,SP,22.1,30,30,19,12,3,0,0,179.0,116,49,13,186,44,2.46,2.92,0.89,0.237,100
11,Corbin Burnes,MIL,SP,SP,21.7,32,32,21,12,8,0,0,199.0,144,66,23,238,51,2.99,3.19,0.98,0.261,100
12,Shane McClanahan,TB,SP,SP,21.1,28,28,18,12,8,0,0,166.3,116,47,19,194,38,2.54,3.01,0.93,0.252,86
13,Tony Gonsolin,LAD,SP,SP,20.5,23,23,11,16,1,0,0,128.3,76,30,11,116,35,2.10,3.33,0.86,0.201,100
14,Ryan Helsley,STL,RP,RP,20.1,53,0,0,9,1,19,7,64.3,28,9,6,94,20,1.26,2.34,0.75,0.183,100
15,Max Fried,ATL,SP,SP,19.9,30,30,21,14,7,0,0,185.3,156,51,12,170,32,2.48,2.71,1.01,0.280,100
16,Gerrit Cole,NYY,SP,SP,19.8,32,32,20,13,7,0,0,194.7,148,76,32,248,50,3.51,3.51,1.02,0.265,100
17,Kyle Wright,ATL,SP,SP,19.7,30,30,19,21,5,0,0,180.3,156,64,19,174,53,3.19,3.59,1.16,0.284,89
18,Max Scherzer,NYM,SP,SP,19.3,23,22,15,11,5,0,0,145.3,108,37,13,173,24,2.29,2.62,0.91,0.278,100
19,Edwin Diaz,NYM,RP,RP,19.3,61,0,0,3,1,31,4,60.7,34,9,3,117,18,1.34,0.89,0.86,0.330,100
20,Cristian Javier,HOU,SP,SP,19.2,30,25,11,11,9,0,0,148.7,89,42,17,194,52,2.54,3.16,0.95,0.229,82
21,Nestor Cortes,NYY,SP,SP,19.1,28,28,13,12,4,0,0,158.3,108,43,16,163,38,2.44,3.13,0.92,0.232,89
22,Shane Bieber,CLE,SP,SP,18.7,31,31,23,13,8,0,0,200.0,172,64,18,198,36,2.88,2.89,1.04,0.288,100
23,Tyler Anderson,LAD,SP,SP,18.3,30,28,18,15,5,0,0,178.7,145,51,14,138,34,2.57,3.31,1.00,0.257,89
24,Spencer Strider,ATL,SP,SP,18.0,31,20,10,11,5,0,2,131.7,86,39,7,202,45,2.67,1.83,0.99,0.292,73
25,Triston McKenzie,CLE,SP,SP,17.5,30,29,18,11,11,0,0,186.3,134,62,25,186,44,3.00,3.65,0.96,0.236,100
26,Aaron Nola,PHI,SP,SP,17.2,31,31,17,10,13,0,0,198.3,166,74,19,226,29,3.36,2.66,0.98,0.295,100
27,Daniel Bard,COL,RP,RP,17.0,57,0,0,6,4,33,0,59.3,34,12,3,69,25,1.82,2.86,0.99,0.212,100
28,Jordan Romano,TOR,RP,RP,17.0,62,0,0,5,4,36,2,63.0,43,15,4,72,20,2.14,2.80,1.00,0.241,100
29,Framber Valdez,HOU,SP,SP,16.8,30,30,26,16,6,0,0,196.3,164,63,11,184,66,2.89,3.15,1.17,0.286,95
30,Kenley Jansen,ATL,RP,RP,16.7,64,0,0,5,2,40,0,63.0,45,24,8,83,22,3.43,3.27,1.06,0.259,98
31,Brandon Woodruff,MIL,SP,SP,15.4,26,26,14,13,4,0,0,147.3,119,50,17,183,41,3.05,3.07,1.09,0.291,100
32,Liam Hendriks,CHW,RP,RP,15.1,57,0,0,4,4,36,0,56.7,43,18,7,82,15,2.86,2.67,1.02,0.281,100
33,Zack Wheeler,PHI,SP,SP,15.0,26,26,16,12,7,0,0,153.0,125,48,13,163,34,2.82,2.89,1.04,0.287,100
34,Logan Webb,SF,SP,SP,14.7,32,31,19,15,9,0,0,192.3,174,62,11,163,49,2.90,3.04,1.16,0.294,100
35,Clayton Kershaw,LAD,SP,SP,14.1,21,21,12,11,3,0,0,121.3,95,31,9,128,22,2.30,2.56,0.96,0.274,100
36,Chris Bassitt,NYM,SP,SP,13.1,30,30,19,15,9,0,0,181.7,159,69,19,167,49,3.42,3.66,1.14,0.282,93
37,Scott Barlow,KC,RP,RP,13.1,68,0,0,6,4,24,6,73.3,52,18,9,76,22,2.21,3.66,1.01,0.240,100
38,Miles Mikolas,STL,SP,SP,12.7,32,32,22,12,13,0,0,199.3,167,73,25,153,39,3.30,3.89,1.03,0.250,100
39,Joe Musgrove,SD,SP,SP,12.2,29,29,20,10,7,0,0,175.0,152,59,22,177,40,3.03,3.65,1.10,0.280,100
40,Logan Gilbert,SEA,SP,SP,11.8,32,32,16,13,6,0,0,185.7,170,66,19,174,49,3.20,3.46,1.18,0.294,100
41,Luis Garcia,HOU,SP,SP,11.8,28,28,10,15,8,0,0,157.3,131,65,23,157,47,3.72,3.94,1.13,0.261,100
42,Merrill Kelly,ARI,SP,SP,11.4,32,32,17,13,8,0,0,194.3,163,74,21,170,59,3.43,3.71,1.14,0.268,86
43,Camilo Doval,SF,RP,RP,11.3,68,0,0,6,6,27,2,67.7,54,19,4,80,30,2.53,2.98,1.24,0.287,100
44,Kevin Gausman,TOR,SP,SP,11.2,31,31,17,12,10,0,0,174.7,188,65,15,205,28,3.35,2.38,1.24,0.364,89
45,Drew Rasmussen,TB,SP,SP,11.2,28,28,9,11,7,0,0,146.0,121,46,13,125,31,2.84,3.26,1.04,0.264,95
46,Jeffrey Springs,TB,SP,SP,11.1,32,24,6,9,4,0,0,132.3,112,36,14,141,30,2.45,3.06,1.07,0.281,100
47,Robbie Ray,SEA,SP,SP,11.0,32,32,18,12,12,0,0,189.0,163,78,32,212,62,3.71,4.17,1.19,0.284,100
48,Joe Ryan,MIN,SP,SP,11.0,27,27,11,13,8,0,0,147.0,115,58,20,151,47,3.55,3.99,1.10,0.253,84
49,Ryan Pressly,HOU,RP,RP,10.9,49,0,0,3,3,32,0,47.3,30,16,4,63,13,3.04,2.38,0.91,0.263,100
50,Luis Castillo,SEA,SP,SP,10.9,25,25,17,9,6,0,0,150.3,118,50,13,167,45,2.99,3.08,1.08,0.276,100
51,Devin Williams,MIL,RP,RP,10.7,65,0,0,6,4,15,26,60.7,31,13,2,96,30,1.93,2.01,1.01,0.259,100
52,Paul Sewald,SEA,RP,RP,10.6,64,0,0,5,4,20,8,63.0,32,19,10,69,17,2.71,3.99,0.78,0.155,89
53,Clay Holmes,NYY,RP,RP,10.2,62,0,0,7,4,20,7,63.7,45,18,2,65,20,2.55,2.85,1.02,0.257,52
54,Martin Perez,TEX,SP,SP,9.9,31,31,22,12,7,0,0,190.3,173,62,11,167,64,2.93,3.22,1.25,0.297,91
55,Ross Stripling,TOR,SP,SP,9.0,32,24,10,10,4,1,0,134.3,117,45,12,111,20,3.02,3.12,1.02,0.269,57
56,Jameson Taillon,NYY,SP,SP,8.9,31,31,12,13,5,0,0,171.3,161,73,25,146,30,3.84,3.90,1.11,0.276,100
57,Brady Singer,KC,SP,SP,8.5,27,24,14,10,5,0,0,153.3,140,55,18,150,35,3.23,3.59,1.14,0.303,70
58,Felix Bautista,BAL,RP,RP,8.4,65,0,0,4,4,15,14,65.7,38,16,7,88,23,2.19,2.92,0.93,0.226,61
59,Cal Quantrill,CLE,SP,SP,8.2,31,31,17,15,5,0,0,181.3,174,69,21,124,47,3.43,4.20,1.22,0.280,93
60,Evan Phillips,LAD,RP,RP,8.1,63,0,0,7,3,2,19,62.0,31,8,2,74,15,1.16,2.02,0.74,0.212,39
61,Jordan Montgomery,STL,SP,SP,8.1,32,32,14,9,6,0,0,178.3,159,69,21,158,36,3.48,3.61,1.09,0.277,86
62,Alexis Diaz,CIN,RP,RP,7.4,57,0,0,6,3,9,13,61.3,28,12,5,81,31,1.76,3.25,0.96,0.178,82
63,Taylor Rogers,MIL,RP,RP,7.2,65,0,0,4,8,31,4,63.3,56,34,7,81,19,4.83,3.46,1.18,0.314,73
64,Pablo Lopez,MIA,SP,SP,7.1,32,32,14,10,10,0,0,180.0,157,75,21,174,53,3.75,3.72,1.17,0.283,93
65,Jose Urquidy,HOU,SP,SP,7.0,29,28,15,13,8,0,0,162.3,152,70,27,133,36,3.88,4.43,1.16,0.267,80
66,David Robertson,PHI,RP,RP,6.9,57,0,0,4,3,20,3,62.7,39,17,6,81,34,2.44,3.55,1.16,0.236,89
67,Blake Snell,SD,SP,SP,6.8,24,24,11,8,10,0,0,128.0,103,48,11,171,51,3.38,2.80,1.20,0.308,89
68,Jorge Lopez,MIN,RP,RP,6.8,66,0,0,4,7,23,1,70.0,53,20,4,71,31,2.57,3.46,1.20,0.265,64
69,Michael Wacha,BOS,SP,SP,6.6,23,23,9,11,2,0,0,127.3,111,47,18,104,31,3.32,4.14,1.12,0.260,64
70,Carlos Carrasco,NYM,SP,SP,6.5,29,28,11,15,7,0,0,148.0,156,65,16,149,40,3.95,3.48,1.32,0.339,98
71,Rafael Montero,HOU,RP,RP,6.2,70,0,0,5,2,14,22,67.7,47,18,3,73,23,2.39,2.64,1.03,0.262,61
72,A.J. Minter,ATL,RP,RP,6.2,74,0,0,5,4,5,34,69.0,48,16,5,93,13,2.09,2.06,0.88,0.285,25
73,Josh Hader,SD,RP,RP,6.0,55,0,0,2,4,35,0,49.3,43,29,8,80,21,5.29,3.44,1.30,0.333,100
74,Taijuan Walker,NYM,SP,SP,5.7,28,28,13,12,5,0,0,153.0,139,61,15,122,45,3.59,3.80,1.20,0.279,80
75,Jacob deGrom,NYM,SP,SP,5.6,11,11,7,5,4,0,0,64.3,40,22,9,102,8,3.08,2.14,0.75,0.261,100
76,Sonny Gray,MIN,SP,SP,5.4,24,24,9,8,5,0,0,119.7,99,41,11,117,36,3.08,3.41,1.13,0.278,80
77,Brock Burke,TEX,RP,RP,5.3,51,0,0,7,4,0,9,81.0,59,16,8,89,24,1.78,3.13,1.02,0.262,9
78,George Kirby,SEA,SP,SP,4.8,24,24,11,8,4,0,0,126.0,129,45,12,128,19,3.21,2.89,1.17,0.328,100
79,Raisel Iglesias,ATL,RP,RP,4.7,66,0,0,2,6,17,14,61.0,46,17,5,75,13,2.51,2.51,0.97,0.281,61
80,Gregory Soto,DET,RP,RP,4.7,62,0,0,2,9,30,2,59.7,46,21,2,60,32,3.17,3.50,1.31,0.280,93
81,Jason Adam,TB,RP,RP,4.6,67,0,0,2,3,8,21,63.3,31,11,5,75,17,1.56,2.86,0.76,0.193,50
82,Charlie Morton,ATL,SP,SP,4.5,31,31,9,9,6,0,0,172.0,149,83,28,205,63,4.34,4.26,1.23,0.293,100
83,Craig Kimbrel,LAD,RP,RP,4.3,61,0,0,6,7,22,2,58.0,51,25,4,67,28,3.88,3.41,1.36,0.301,80
84,David Bednar,PIT,RP,RP,4.2,44,0,0,3,4,19,4,50.7,41,15,4,69,16,2.66,2.43,1.12,0.311,98
85,Eric Lauer,MIL,SP,SP,4.0,28,28,12,10,7,0,0,152.7,135,65,27,150,55,3.83,4.57,1.24,0.269,77
86,Adam Cimber,TOR,RP,RP,3.8,76,0,0,10,6,4,20,69.7,65,22,6,57,13,2.84,3.50,1.12,0.291,5
87,Giovanny Gallegos,STL,RP,RP,3.3,56,0,0,3,5,14,12,58.7,42,19,6,72,15,2.92,2.76,0.97,0.254,66
88,Jhoan Duran,MIN,RP,RP,3.2,57,0,0,2,4,8,18,67.7,50,14,6,89,16,1.86,2.52,0.98,0.288,75
89,Jose Quintana,STL,SP,SP,3.0,31,31,9,6,7,0,0,162.7,153,54,8,137,46,2.99,2.97,1.22,0.307,73
90,Ranger Suarez,PHI,SP,SP,3.0,28,28,11,10,6,0,0,152.3,142,57,12,127,56,3.37,3.61,1.30,0.292,57
91,Luis Severino,NYY,SP,SP,2.9,18,18,7,6,4,0,0,95.0,72,36,14,105,29,3.41,3.86,1.06,0.251,93
92,Lance Lynn,CHW,SP,SP,2.8,21,21,11,8,7,0,0,121.7,120,54,19,124,19,3.99,3.82,1.14,0.297,93
93,Adam Wainwright,STL,SP,SP,2.7,32,32,16,11,12,0,0,191.7,192,79,16,143,54,3.71,3.66,1.28,0.302,100
94,Marcus Stroman,CHC,SP,SP,2.7,25,25,12,7,7,0,0,138.7,123,54,16,119,36,3.51,3.76,1.15,0.272,80
95,Tarik Skubal,DET,SP,SP,2.7,21,20,9,7,8,0,0,117.7,104,46,9,117,32,3.52,2.96,1.16,0.300,48
96,Jon Gray,TEX,SP,SP,2.4,23,23,7,7,7,0,0,121.3,101,53,15,131,39,3.93,3.68,1.15,0.279,70
97,Seranthony Dominguez,PHI,RP,RP,2.4,53,0,0,6,5,9,16,50.0,33,15,4,60,21,2.70,3.08,1.08,0.250,45
98,Keegan Thompson,CHC,SP,SP,2.1,28,17,4,10,5,1,0,112.3,102,46,15,103,41,3.69,4.35,1.27,0.285,27
99,Andrew Heaney,LAD,SP,SP,1.9,15,14,2,4,3,0,0,68.7,55,22,13,103,19,2.88,3.80,1.08,0.284,84
100,Kyle Finnegan,WSH,RP,RP,1.9,64,0,0,6,3,11,14,64.7,52,26,9,68,21,3.62,3.80,1.13,0.265,75
101,John Schreiber,BOS,RP,RP,1.8,62,0,0,3,4,8,21,63.0,43,16,3,72,18,2.29,2.50,0.97,0.263,34
102,Corey Kluber,TB,SP,SP,1.6,31,31,15,10,10,0,0,164.0,178,79,20,139,21,4.34,3.57,1.21,0.318,66
103,Jimmy Herget,LAA,RP,RP,1.6,48,1,0,2,1,9,7,67.7,45,17,4,63,15,2.26,2.82,0.89,0.233,52
104,Edward Cabrera,MIA,SP,SP,1.5,14,14,3,6,4,0,0,71.7,44,24,10,75,33,3.01,4.59,1.07,0.207,39
105,Adam Ottavino,NYM,RP,RP,1.3,66,0,0,4,3,3,19,64.0,48,15,6,77,15,2.11,2.87,0.98,0.276,11
106,Patrick Sandoval,LAA,SP,SP,1.1,26,26,10,6,9,0,0,142.7,134,48,8,145,59,3.03,3.16,1.35,0.322,100
107,Andres Munoz,SEA,RP,RP,1.0,64,0,0,2,5,4,22,64.0,43,18,5,94,15,2.53,2.08,0.91,0.297,39
108,Reid Detmers,LAA,SP,SP,1.0,25,25,7,7,6,0,0,129.0,110,54,13,122,46,3.77,3.79,1.21,0.278,45
109,Cole Irvin,OAK,SP,SP,0.9,29,29,14,9,13,0,0,175.0,170,80,25,123,36,4.11,4.27,1.18,0.275,32
110,Griffin Jax,MIN,RP,RP,0.9,64,0,0,7,3,1,18,71.3,54,26,7,78,20,3.28,3.17,1.04,0.263,2
111,Matt Moore,TEX,RP,RP,0.7,61,0,0,5,2,3,14,72.0,49,16,3,80,37,2.00,3.02,1.19,0.257,
112,Anthony Bass,TOR,RP,RP,0.7,72,0,0,4,3,0,23,69.3,51,12,6,72,18,1.56,2.94,1.00,0.256,2
113,Drew Smyly,CHC,SP,SP,0.6,22,22,5,7,8,0,0,106.3,101,41,16,91,26,3.47,4.23,1.19,0.275,14
114,Michael King,NYY,RP,RP,0.5,34,0,0,6,3,1,16,51.0,35,13,3,66,16,2.29,2.23,1.00,0.267,
115,Cionel Perez,BAL,RP,RP,0.5,65,0,0,7,1,1,24,56.7,45,9,2,52,21,1.43,2.90,1.16,0.276,
116,Dean Kremer,BAL,SP,SP,0.4,21,20,7,8,6,0,0,119.3,117,42,10,83,33,3.17,3.77,1.26,0.301,25
117,Chase De Jong,PIT,SP,SP,0.3,41,0,0,6,2,1,4,70.7,50,21,10,58,30,2.68,4.80,1.13,0.219,
118,Trevor Stephan,CLE,RP,RP,0.3,65,0,0,6,5,3,20,62.7,57,19,3,81,18,2.73,2.21,1.20,0.333,2
119,Jesus Luzardo,MIA,SP,SP,0.3,17,17,10,3,7,0,0,94.3,65,37,10,108,34,3.53,3.35,1.05,0.248,95
120,Alex Cobb,SF,SP,SP,0.2,27,27,10,7,7,0,0,144.7,145,61,9,144,43,3.80,2.89,1.30,0.332,80
121,Noah Syndergaard,PHI,SP,SP,0.2,25,24,9,10,10,0,0,134.7,138,59,14,95,31,3.94,3.84,1.25,0.295,68
122,Hector Neris,HOU,RP,RP,0.1,69,0,0,6,4,3,25,64.7,49,27,3,79,17,3.76,2.34,1.02,0.286,5
123,Reynaldo Lopez,CHW,RP,RP,0.0,61,1,0,6,4,0,9,65.3,51,20,1,63,11,2.76,1.94,0.95,0.281,2
124,Jose Suarez,LAA,SP,SP,0.0,22,20,4,8,8,0,0,109.0,103,48,14,103,33,3.96,3.91,1.25,0.290,16
125,Garrett Whitlock,BOS,SP,SP,-0.1,31,9,2,4,2,6,4,78.3,65,30,10,82,15,3.45,3.29,1.02,0.270,41
126,Dillon Tate,BAL,RP,RP,-0.2,66,0,0,4,4,5,16,73.0,57,23,6,60,13,2.84,3.36,0.96,0.250,9
127,Freddy Peralta,MIL,SP,SP,-0.3,19,17,4,4,4,0,0,78.0,54,31,6,86,27,3.58,3.06,1.04,0.247,73
128,David Peterson,NYM,SP,SP,-0.3,27,19,4,7,5,0,0,104.7,93,45,11,126,48,3.87,3.65,1.35,0.319,20
129,Alex Vesia,LAD,RP,RP,-0.5,62,0,0,5,0,1,16,53.3,36,13,2,77,24,2.19,2.18,1.13,0.291,9
130,Johnny Cueto,CHW,SP,SP,-0.6,24,23,17,7,10,0,0,151.3,155,57,14,98,33,3.39,3.80,1.24,0.298,59
131,Bryan Abreu,HOU,RP,RP,-0.6,55,0,0,4,0,2,7,59.3,45,13,2,86,26,1.97,2.17,1.20,0.336,7
132,Nick Lodolo,CIN,SP,SP,-0.6,19,19,8,4,7,0,0,103.3,90,42,13,131,39,3.66,3.90,1.25,0.322,59
133,Michael Kopech,CHW,SP,SP,-0.7,25,25,8,5,9,0,0,119.3,85,47,15,105,57,3.55,4.50,1.19,0.223,68
134,Enyel De Los Santos,CLE,SP,SP,-0.7,49,0,0,5,0,1,3,52.3,39,18,3,60,17,3.10,2.66,1.07,0.277,
135,Tanner Scott,MIA,RP,RP,-0.9,65,0,0,4,5,20,4,60.7,53,30,5,88,45,4.45,3.66,1.62,0.338,50
136,Diego Castillo,SEA,RP,RP,-1.2,58,0,0,7,3,6,9,52.3,39,22,5,51,22,3.78,3.78,1.17,0.243,14
137,Tanner Houck,BOS,RP,RP,-1.3,32,4,0,5,4,8,1,60.0,49,21,3,56,22,3.15,3.30,1.18,0.288,48
138,Tyler Mahle,MIN,SP,SP,-1.4,23,23,10,6,8,0,0,120.7,104,59,16,126,43,4.40,3.87,1.22,0.279,86
139,Jordan Lyles,BAL,SP,SP,-1.5,32,32,13,12,11,0,0,179.0,196,88,26,144,52,4.43,4.40,1.39,0.312,11
140,Nick Pivetta,BOS,SP,SP,-1.5,32,32,12,10,12,0,0,175.7,171,89,26,170,70,4.56,4.39,1.37,0.300,41
141,Dylan Lee,ATL,RP,RP,-1.5,45,0,0,5,1,0,9,50.3,40,12,5,58,10,2.15,2.70,0.99,0.271,
142,Frankie Montas,NYY,SP,SP,-1.6,27,27,10,5,12,0,0,144.3,137,65,18,142,43,4.05,3.79,1.25,0.301,55
143,Nabil Crismatt,SD,SP,SP,-1.6,49,1,0,5,2,0,6,63.3,54,21,4,62,22,2.98,3.12,1.20,0.282,
144,Alex Lange,DET,RP,RP,-1.7,70,0,0,7,4,0,23,62.7,46,25,5,82,30,3.59,3.21,1.21,0.283,
145,Erik Swanson,SEA,RP,RP,-1.7,55,1,0,2,2,3,14,50.7,38,10,3,66,10,1.78,1.93,0.95,0.302,11
146,Tyler Wells,BAL,SP,SP,-1.7,23,23,5,7,7,0,0,103.7,90,49,16,76,28,4.25,4.52,1.14,0.247,7
147,Colin Poche,TB,RP,RP,-1.8,64,0,0,4,2,7,23,58.3,43,22,10,63,21,3.39,4.32,1.10,0.223,20
148,Justin Steele,CHC,SP,SP,-1.8,24,24,8,4,7,0,0,119.0,111,42,8,126,50,3.18,3.21,1.35,0.318,25
149,Collin McHugh,ATL,RP,RP,-1.9,57,0,0,3,2,0,16,68.3,50,20,5,74,14,2.63,2.74,0.94,0.260,7
150,Eli Morgan,CLE,RP,RP,-1.9,48,1,0,5,3,0,10,63.7,46,25,10,69,13,3.53,3.70,0.93,0.234,5
151,Penn Murfee,SEA,RP,RP,-1.9,63,1,0,4,0,0,6,67.3,47,22,6,72,18,2.94,3.03,0.97,0.244,
152,Chris Flexen,SEA,SP,SP,-2.0,32,21,9,8,9,2,0,133.7,127,54,16,93,50,3.64,4.45,1.32,0.270,20
153,Sam Hentges,CLE,RP,RP,-2.0,56,0,0,3,2,1,8,61.0,41,16,3,70,19,2.36,2.54,0.98,0.259,7
154,Robert Suarez,SD,RP,RP,-2.0,44,0,0,5,1,1,12,46.7,29,12,4,59,21,2.31,3.31,1.07,0.248,2
155,Chris Martin,LAD,RP,RP,-2.1,58,0,0,4,1,2,9,54.7,50,19,6,71,5,3.13,2.27,1.01,0.319,9
156,Bailey Falter,PHI,SP,SP,-2.1,19,15,6,6,4,0,0,83.0,83,36,16,74,17,3.90,4.67,1.20,0.289,16
157,Mike Clevinger,SD,SP,SP,-2.2,23,22,6,7,7,0,0,114.3,102,55,20,91,35,4.33,4.98,1.20,0.250,57
158,Tim Mayza,TOR,RP,RP,-2.2,61,0,0,8,1,1,16,46.7,42,17,7,42,12,3.28,4.10,1.16,0.280,5
159,Brandon Hughes,CHC,RP,RP,-2.2,55,0,0,2,2,8,8,56.7,41,19,11,68,20,3.02,4.62,1.08,0.226,32
160,Hunter Greene,CIN,SP,SP,-2.3,23,23,8,4,13,0,0,119.7,102,62,24,156,47,4.66,4.52,1.25,0.285,93
161,Alex Wood,SF,SP,SP,-2.4,26,26,6,8,12,0,0,130.7,132,74,17,131,30,5.10,3.77,1.24,0.317,41
162,J.P. Feyereisen,TB,RP,RP,-2.5,22,2,0,4,0,1,7,24.3,7,0,0,25,5,0.00,1.68,0.49,0.125,5
163,Mychal Givens,NYM,RP,RP,-2.6,58,0,0,7,3,2,8,60.3,55,23,8,71,25,3.43,3.98,1.33,0.313,7
164,Ryan Tepera,LAA,RP,RP,-2.7,58,0,0,5,3,6,17,56.0,41,23,7,46,18,3.70,4.17,1.05,0.221,18
165,Carl Edwards Jr.,WSH,RP,RP,-2.7,56,0,0,6,3,2,13,61.0,50,18,7,54,25,2.66,4.12,1.23,0.257,2
166,Brooks Raley,TB,RP,RP,-2.7,59,0,0,1,2,7,22,53.3,37,16,3,61,13,2.70,2.63,0.94,0.258,16
167,Clarke Schmidt,NYY,SP,SP,-2.7,28,3,0,5,5,2,4,55.7,46,20,5,54,23,3.23,3.69,1.24,0.273,2
168,Adrian Sampson,CHC,SP,SP,-2.8,20,18,7,4,5,0,0,101.7,97,35,10,70,26,3.10,3.81,1.21,0.284,23
169,Lance McCullers Jr.,HOU,SP,SP,-3.0,7,7,4,4,1,0,0,41.7,31,11,3,45,21,2.38,3.40,1.25,0.269,93
170,Michael Lorenzen,LAA,SP,SP,-3.0,17,17,7,8,6,0,0,91.7,78,46,11,78,41,4.52,4.45,1.30,0.265,27
171,Paul Blackburn,OAK,SP,SP,-3.1,21,21,4,7,6,0,0,111.3,110,53,15,89,30,4.28,4.21,1.26,0.291,34
172,Braxton Garrett,MIA,SP,SP,-3.1,16,16,5,3,6,0,0,83.3,79,33,9,83,19,3.56,3.57,1.18,0.307,27
173,Rich Hill,BOS,SP,SP,-3.2,25,25,5,8,7,0,0,118.3,122,58,13,103,36,4.41,3.82,1.34,0.313,36
174,Nathan Eovaldi,BOS,SP,SP,-3.2,19,19,8,5,3,0,0,104.3,113,47,21,99,18,4.05,4.38,1.26,0.306,52
175,Jharel Cotton,SF,SP,SP,-3.2,29,0,0,4,2,0,2,42.3,30,13,7,38,18,2.76,4.89,1.13,0.209,
176,Bryan Baker,BAL,SP,SP,-3.2,65,2,0,4,3,0,9,68.7,60,27,3,74,26,3.54,2.80,1.25,0.305,
177,Roansy Contreras,PIT,SP,SP,-3.3,21,18,3,5,5,0,1,95.0,82,40,13,86,39,3.79,4.38,1.27,0.257,48
178,A.J. Puk,OAK,RP,RP,-3.4,61,0,0,3,3,4,20,65.3,53,23,7,76,22,3.17,3.65,1.15,0.286,18
179,Domingo Acevedo,OAK,RP,RP,-3.6,68,0,0,3,4,4,21,65.7,48,25,9,57,16,3.43,4.03,0.97,0.227,52
180,Luis Garcia,SD,RP,RP,-3.7,63,0,0,4,6,3,20,60.0,55,21,3,68,16,3.15,2.50,1.18,0.319,2
181,Nick Martinez,SD,SP,SP,-3.7,45,10,2,4,4,8,8,105.3,95,41,15,92,41,3.50,4.50,1.29,0.273,7
182,Matt Bush,MIL,RP,RP,-3.8,65,6,0,2,4,4,26,59.7,43,23,11,74,18,3.47,4.09,1.02,0.232,7
183,Marco Gonzales,SEA,SP,SP,-3.8,32,31,17,10,15,0,0,176.0,186,81,30,98,48,4.14,5.16,1.33,0.276,50
184,Jose Alvarado,PHI,RP,RP,-3.8,58,0,0,4,2,2,21,49.7,38,18,2,78,24,3.26,2.01,1.25,0.340,16
185,Keegan Akin,BAL,RP,RP,-3.8,43,1,0,3,3,2,3,79.7,65,29,10,73,20,3.28,3.71,1.07,0.256,
186,Joe Barlow,TEX,RP,RP,-3.8,34,0,0,3,1,13,0,34.0,26,15,5,27,12,3.97,4.85,1.12,0.210,34
187,Johan Oviedo,PIT,SP,SP,-3.8,20,7,2,4,3,0,0,52.0,44,18,5,53,23,3.12,3.83,1.29,0.279,
188,Steven Okert,MIA,RP,RP,-3.9,60,0,0,5,5,0,19,51.3,34,17,7,63,26,2.98,4.36,1.17,0.235,
189,Lucas Giolito,CHW,SP,SP,-3.9,29,29,10,10,9,0,0,154.7,169,86,24,173,59,5.00,4.08,1.47,0.350,100
190,Jake Woodford,STL,SP,SP,-3.9,26,1,0,4,0,0,0,46.3,42,12,1,22,11,2.33,3.22,1.14,0.281,
191,Hayden Wesneski,CHC,SP,SP,-3.9,5,3,2,3,1,0,0,27.0,20,7,3,27,6,2.33,3.34,0.96,0.239,
192,Kyle Gibson,PHI,SP,SP,-4.0,31,31,15,10,8,0,0,167.7,176,94,24,144,48,5.05,4.28,1.34,0.310,48
193,Dany Jimenez,OAK,RP,RP,-4.0,34,0,0,3,4,11,4,34.3,23,13,2,34,18,3.41,3.47,1.19,0.223,34
194,JP Sears,OAK,SP,SP,-4.0,17,11,2,6,3,0,0,70.0,67,30,8,51,23,3.86,4.22,1.29,0.289,
195,Wandy Peralta,NYY,RP,RP,-4.1,56,0,0,3,4,4,9,56.3,42,17,2,47,17,2.72,2.87,1.05,0.255,
196,Joe Jimenez,DET,RP,RP,-4.1,62,0,0,3,2,2,11,56.7,49,22,4,77,13,3.49,2.00,1.09,0.328,
197,Dylan Coleman,KC,RP,RP,-4.1,67,0,0,5,2,0,16,67.0,47,21,5,69,37,2.82,3.91,1.25,0.246,
198,Steven Wilson,SD,RP,RP,-4.2,49,1,0,4,2,1,5,52.0,35,17,7,53,19,2.94,4.04,1.04,0.215,
199,Pete Fairbanks,TB,RP,RP,-4.2,24,0,0,0,0,8,6,24.0,13,3,1,38,3,1.13,0.87,0.67,0.261,80
200,Drey Jameson,ARI,SP,SP,-4.2,4,4,3,3,0,0,0,24.3,20,4,2,24,7,1.48,3.20,1.11,0.281,
201,Yimi Garcia,TOR,RP,RP,-4.3,60,0,0,4,5,1,22,60.0,48,21,6,58,16,3.15,3.48,1.07,0.258,
202,Caleb Thielbar,MIN,RP,RP,-4.3,66,0,0,4,3,1,18,58.3,50,23,5,78,18,3.55,2.48,1.17,0.317,
203,Andre Pallante,STL,SP,SP,-4.3,45,10,3,6,5,0,9,106.0,111,37,8,73,40,3.14,3.88,1.42,0.314,
204,James Karinchak,CLE,RP,RP,-4.3,37,0,0,2,0,3,8,38.0,21,8,2,60,21,1.90,2.38,1.11,0.253,23
205,Seth Lugo,NYM,RP,RP,-4.4,63,0,0,4,2,3,28,65.0,58,26,9,69,18,3.60,3.76,1.17,0.282,
206,Trevor Williams,NYM,SP,SP,-4.4,29,9,1,2,5,1,1,83.7,81,30,11,78,23,3.23,3.93,1.24,0.302,
207,Corey Knebel,PHI,RP,RP,-4.5,46,0,0,3,5,12,2,44.7,33,17,4,41,28,3.43,4.46,1.37,0.238,34
208,Ryne Stanek,HOU,RP,RP,-4.6,58,0,0,2,1,1,16,53.7,36,7,2,62,31,1.17,3.02,1.25,0.268,
209,Walker Buehler,LAD,SP,SP,-4.6,12,12,3,5,3,0,0,65.0,67,29,8,58,17,4.02,3.81,1.29,0.312,61
210,Bailey Ober,MIN,SP,SP,-4.6,10,10,2,2,3,0,0,51.0,46,18,3,47,10,3.18,2.74,1.10,0.297,64
211,Erasmo Ramirez,WSH,RP,RP,-4.7,58,1,0,4,2,0,5,83.3,77,28,11,58,14,3.02,4.16,1.09,0.268,
212,Kyle Nelson,ARI,SP,SP,-4.7,43,1,0,2,1,0,11,37.0,26,9,1,30,14,2.19,3.22,1.08,0.240,
213,Nick Sandlin,CLE,RP,RP,-4.7,46,0,0,5,2,0,7,44.0,27,11,2,41,24,2.25,3.68,1.16,0.223,
214,Andrew Bellatti,PHI,RP,RP,-4.8,59,1,0,4,4,2,9,54.3,47,20,5,78,25,3.31,2.88,1.33,0.336,
215,Zach Eflin,PHI,SP,SP,-4.8,19,13,4,3,5,0,2,74.7,70,34,8,65,15,4.10,3.57,1.14,0.284,9
216,Joe Mantiply,ARI,RP,RP,-4.8,68,0,0,2,5,2,22,59.3,57,18,5,61,5,2.73,2.56,1.04,0.319,
217,Domingo German,NYY,SP,SP,-4.8,14,13,5,2,4,0,0,68.0,58,25,9,52,18,3.31,4.28,1.12,0.251,27
218,Emilio Pagan,MIN,RP,RP,-4.8,57,0,0,4,6,9,7,61.0,60,31,12,81,26,4.57,4.35,1.41,0.320,11
219,Jaime Barria,LAA,RP,RP,-4.8,34,1,0,3,3,0,5,78.3,63,23,11,53,19,2.64,4.43,1.05,0.226,
220,Devin Smeltzer,MIN,SP,SP,-4.8,15,12,6,5,2,0,0,70.3,67,29,13,40,19,3.71,5.23,1.22,0.254,5
221,David Price,LAD,SP,SP,-4.9,40,0,0,2,0,2,4,40.3,38,11,6,37,9,2.45,3.88,1.17,0.281,
222,Rony Garcia,DET,SP,SP,-4.9,16,8,1,3,3,0,0,51.0,40,25,9,48,13,4.41,4.53,1.04,0.235,
223,Mark Leiter Jr.,CHC,SP,SP,-5.1,34,4,0,2,7,3,4,66.7,52,30,10,71,25,4.05,4.38,1.15,0.246,
224,Josiah Gray,WSH,SP,SP,-5.1,28,28,9,7,10,0,0,148.7,136,83,38,154,66,5.03,5.86,1.36,0.257,57
225,Jakob Junis,SF,SP,SP,-5.2,23,17,4,5,7,0,0,112.0,120,55,13,98,25,4.42,3.65,1.29,0.318,7
226,Mitch Keller,PIT,SP,SP,-5.2,30,28,13,5,12,0,0,154.0,156,67,13,133,58,3.92,3.83,1.39,0.321,39
227,Zack Thompson,STL,SP,SP,-5.2,21,1,0,1,1,1,0,34.0,20,8,3,27,13,2.12,3.82,0.97,0.187,
228,Davis Martin,CHW,SP,SP,-5.3,13,8,2,3,5,0,0,61.7,56,25,6,47,17,3.65,3.83,1.18,0.279,
229,Jalen Beeks,TB,RP,RP,-5.4,42,7,0,2,3,2,4,61.0,49,19,7,70,22,2.80,3.49,1.16,0.276,
230,Bryce Elder,ATL,SP,SP,-5.4,9,8,3,2,3,0,0,49.0,38,15,3,42,22,2.76,3.73,1.22,0.261,68
231,Chris Stratton,STL,RP,RP,-5.5,59,1,0,9,4,2,8,61.3,70,30,4,58,24,4.40,3.34,1.53,0.357,2
232,Steven Matz,STL,SP,SP,-5.6,13,9,2,5,3,0,1,47.0,50,28,8,53,10,5.36,3.84,1.28,0.318,9
233,Sean Manaea,SD,SP,SP,-5.6,29,27,15,7,9,0,0,152.0,154,87,29,150,49,5.15,4.65,1.34,0.298,64
234,Brusdar Graterol,LAD,RP,RP,-5.6,45,1,0,2,3,4,10,48.7,37,17,3,43,10,3.14,2.95,0.97,0.250,5
235,Scott Effross,NYY,RP,RP,-5.6,59,1,0,1,4,3,16,55.7,45,16,3,61,15,2.59,2.49,1.08,0.282,11
236,Hunter Brown,HOU,SP,SP,-5.6,6,2,2,2,0,0,1,18.0,15,2,0,19,6,1.00,2.00,1.17,0.319,
237,Dylan Bundy,MIN,SP,SP,-5.7,29,29,2,8,8,0,0,140.0,151,76,24,94,28,4.89,4.67,1.28,0.285,11
238,Eduardo Rodriguez,DET,SP,SP,-5.7,16,16,9,5,5,0,0,85.0,81,38,10,65,33,4.02,4.32,1.34,0.278,61
239,Michael Fulmer,MIN,RP,RP,-5.7,67,0,0,5,6,3,25,63.7,59,24,4,61,28,3.39,3.57,1.37,0.302,11
240,Dylan Floro,MIA,RP,RP,-5.7,54,0,0,1,3,9,5,52.0,46,18,4,46,14,3.12,3.15,1.15,0.276,66
241,Aaron Civale,CLE,SP,SP,-5.7,19,19,4,4,6,0,0,91.0,88,51,12,89,21,5.04,3.80,1.20,0.299,45
242,Matt Wisler,FA,RP,RP,-5.8,39,5,0,3,3,1,5,44.0,30,11,6,35,14,2.25,4.25,1.00,0.194,
243,Carlos Estevez,COL,RP,RP,-5.8,63,0,0,4,4,2,13,57.0,44,22,7,54,23,3.47,4.08,1.18,0.240,2
244,John Brebbia,SF,RP,RP,-5.8,74,9,0,6,2,0,18,66.0,69,23,5,53,18,3.14,3.31,1.32,0.315,
245,Matt Manning,DET,SP,SP,-5.8,12,12,6,2,3,0,0,63.0,55,24,6,48,19,3.43,3.78,1.17,0.259,32
246,Jesse Chavez,ATL,RP,RP,-5.9,58,1,0,4,2,0,10,68.0,66,25,8,72,19,3.31,3.41,1.25,0.315,2
247,Daniel Hudson,LAD,RP,RP,-5.9,25,0,0,2,3,5,9,24.3,17,6,1,30,5,2.22,2.05,0.90,0.271,
248,Lucas Luetge,NYY,RP,RP,-5.9,49,0,0,4,4,2,6,56.3,60,17,4,59,17,2.72,3.06,1.37,0.344,2
249,Kyle Freeland,COL,SP,SP,-5.9,31,31,13,9,11,0,0,174.7,193,88,19,131,53,4.53,4.22,1.41,0.318,2
250,Tanner Rainey,WSH,RP,RP,-5.9,29,0,0,1,3,12,1,30.0,26,11,5,36,13,3.30,4.18,1.30,0.269,18
251,Joey Wentz,DET,SP,SP,-5.9,7,7,1,2,2,0,0,32.7,23,11,2,27,13,3.03,3.54,1.10,0.228,23
252,Andrew Chafin,DET,RP,RP,-6.0,62,0,0,2,3,2,19,56.0,47,18,5,64,18,2.89,3.12,1.16,0.286,
253,German Marquez,COL,SP,SP,-6.0,32,31,17,9,13,0,0,181.7,185,101,30,150,63,5.00,4.72,1.37,0.292,68
254,Ian Anderson,ATL,SP,SP,-6.0,22,22,6,10,6,0,0,111.7,115,62,12,97,54,5.00,4.25,1.51,0.313,43
255,Ryne Nelson,ARI,SP,SP,-6.0,3,3,2,1,1,0,0,18.3,9,3,2,16,6,1.47,3.77,0.82,0.156,
256,Matt Strahm,BOS,RP,RP,-6.1,49,0,0,4,4,4,11,43.7,38,19,5,51,17,3.92,3.71,1.26,0.282,
257,Brad Boxberger,MIL,RP,RP,-6.2,69,0,0,3,3,1,29,62.0,49,21,6,66,27,3.05,3.65,1.23,0.274,
258,Dakota Hudson,STL,SP,SP,-6.2,26,25,8,8,7,0,0,137.0,132,62,9,77,59,4.07,4.33,1.39,0.293,9
259,Mark Melancon,ARI,RP,RP,-6.3,62,0,0,3,10,18,1,56.0,63,29,5,35,21,4.66,4.21,1.50,0.304,61
260,Zach Jackson,OAK,RP,RP,-6.3,53,0,0,2,3,3,27,48.0,28,16,1,67,33,3.00,2.78,1.27,0.270,
261,Jose Leclerc,TEX,RP,RP,-6.4,39,0,0,0,3,7,4,47.7,33,15,5,54,21,2.83,3.72,1.13,0.241,80
262,Tylor Megill,NYM,SP,SP,-6.4,14,9,1,4,2,0,0,45.3,44,27,7,50,13,5.36,3.84,1.26,0.308,23
263,Ryan Pepiot,LAD,SP,SP,-6.4,9,7,1,3,0,0,0,36.3,26,14,6,42,27,3.47,5.43,1.46,0.244,
264,Jose Berrios,TOR,SP,SP,-6.5,31,31,16,11,7,0,0,166.0,196,99,29,144,42,5.37,4.61,1.43,0.333,84
265,Austin Voth,BAL,SP,SP,-6.5,41,17,2,5,4,0,1,101.7,111,49,14,90,31,4.34,4.14,1.40,0.320,2
266,Kendall Graveman,CHW,RP,RP,-6.5,64,0,0,3,4,6,26,64.0,65,23,5,65,26,3.23,3.41,1.42,0.323,9
267,Michael Rucker,CHC,SP,SP,-6.5,39,0,0,3,1,0,5,52.7,49,24,8,46,18,4.10,4.37,1.27,0.275,
268,Josh Winder,MIN,SP,SP,-6.5,14,10,4,4,5,0,0,64.7,64,31,11,45,17,4.31,4.91,1.25,0.270,7
269,Wade Miley,CHC,SP,SP,-6.6,9,8,2,2,2,0,0,37.0,31,13,3,28,14,3.16,3.95,1.22,0.250,2
270,Anibal Sanchez,WSH,SP,SP,-6.7,14,14,2,4,6,0,0,69.3,55,33,13,48,33,4.28,5.77,1.27,0.218,11
271,Wil Crowe,PIT,RP,RP,-6.7,60,1,0,6,10,4,16,76.0,68,37,8,68,38,4.38,4.31,1.39,0.280,5
272,Connor Overton,CIN,SP,SP,-6.7,6,4,2,1,0,0,0,33.0,21,10,1,14,11,2.73,3.66,0.97,0.204,
273,Ron Marinaccio,NYY,RP,RP,-6.7,40,0,0,1,0,0,6,44.0,22,10,2,56,24,2.05,3.21,1.05,0.208,
274,Beau Brieske,DET,SP,SP,-6.7,15,15,6,3,6,0,0,81.7,73,38,14,54,25,4.19,4.98,1.20,0.242,
275,Andrew Kittredge,TB,RP,RP,-6.8,17,0,0,3,1,5,0,20.0,15,7,4,14,2,3.15,4.62,0.85,0.200,20
276,James Kaprielian,OAK,SP,SP,-6.8,26,26,7,5,9,0,0,134.0,121,63,16,98,59,4.23,4.64,1.34,0.264,20
277,Brad Hand,PHI,RP,RP,-7.0,55,0,0,3,2,5,13,45.0,37,14,2,38,23,2.80,3.94,1.33,0.271,7
278,Matthew Boyd,SEA,SP,SP,-7.0,9,0,0,2,0,0,1,10.3,5,2,0,8,7,1.74,3.89,1.16,0.185,
279,Glenn Otto,TEX,SP,SP,-7.0,26,26,7,6,10,0,0,129.7,115,68,20,102,60,4.72,5.24,1.35,0.258,5
280,Brent Suter,MIL,RP,RP,-7.1,54,0,0,5,3,0,1,65.7,58,28,9,53,22,3.84,4.38,1.22,0.263,
281,Angel Zerpa,KC,SP,SP,-7.1,3,2,0,2,1,0,1,11.0,9,2,2,3,3,1.64,5.75,1.09,0.194,
282,Bryan Shaw,FA,SP,SP,-7.2,60,2,0,6,2,1,7,58.3,58,35,9,52,26,5.40,4.88,1.44,0.280,
283,Hoby Milner,MIL,RP,RP,-7.2,66,0,0,3,3,0,9,62.7,57,25,4,62,15,3.59,3.02,1.15,0.299,
284,Adbert Alzolay,CHC,SP,SP,-7.2,5,0,0,1,1,0,1,11.0,7,5,1,16,1,4.09,1.93,0.73,0.261,5
285,Jake Odorizzi,ATL,SP,SP,-7.3,21,21,5,5,6,0,0,101.3,104,51,13,79,34,4.53,4.32,1.36,0.297,16
286,Vince Velasquez,CHW,SP,SP,-7.3,26,9,0,3,3,0,1,72.0,66,39,11,64,23,4.88,4.37,1.24,0.267,
287,Trevor Gott,MIL,RP,RP,-7.3,45,0,0,3,3,0,11,44.7,32,18,6,43,12,3.63,3.94,0.99,0.218,
288,Joey Krehbiel,BAL,RP,RP,-7.3,56,0,0,5,5,1,10,57.7,53,25,9,45,18,3.90,4.68,1.23,0.257,
289,Drew Smith,NYM,RP,RP,-7.3,44,0,0,3,3,0,14,45.0,36,17,9,52,15,3.40,4.40,1.13,0.250,
290,Dustin May,LAD,SP,SP,-7.3,6,6,1,2,3,0,0,30.0,21,15,3,29,14,4.50,4.38,1.17,0.237,55
291,Darren O’Day,ATL,SP,SP,-7.4,28,0,0,2,2,0,6,21.7,19,10,3,26,10,4.15,4.04,1.34,0.286,
292,Aroldis Chapman,NYY,RP,RP,-7.4,42,0,0,3,4,9,1,35.3,24,18,4,41,28,4.59,4.73,1.47,0.244,50
293,Cody Morris,CLE,SP,SP,-7.4,6,5,1,1,2,0,1,22.7,20,5,3,22,11,1.98,4.35,1.37,0.288,
294,Jordan Hicks,STL,SP,SP,-7.4,34,8,0,3,6,0,8,60.3,44,33,5,63,35,4.92,4.19,1.31,0.264,2
295,Wily Peralta,FA,SP,SP,-7.5,28,1,0,2,0,0,3,38.3,34,11,2,32,24,2.58,4.08,1.51,0.294,
296,Tyler Matzek,ATL,RP,RP,-7.5,40,0,0,4,2,1,8,40.7,23,15,3,36,26,3.32,4.37,1.20,0.187,
297,MacKenzie Gore,WSH,SP,SP,-7.5,16,13,3,4,4,0,1,70.0,66,35,7,72,37,4.50,4.12,1.47,0.312,20
298,Garrett Hill,DET,SP,SP,-7.5,16,8,2,3,3,0,1,58.7,49,25,8,38,29,3.84,5.23,1.33,0.234,
299,Kyle Hendricks,CHC,SP,SP,-7.6,16,16,4,4,6,0,0,84.3,85,45,15,66,24,4.80,4.82,1.29,0.285,43
300,Yency Almonte,LAD,RP,RP,-7.6,31,0,0,0,0,1,7,33.3,18,4,2,33,10,1.08,3.09,0.84,0.200,
301,Matthew Festa,SEA,RP,RP,-7.6,53,0,0,2,0,2,6,52.0,40,23,9,61,18,3.98,4.17,1.12,0.256,
302,Yonny Chirinos,TB,SP,SP,-7.7,2,1,0,1,0,0,0,7.0,7,0,0,6,1,0.00,2.26,1.14,0.318,
303,Zach Davies,ARI,SP,SP,-7.8,27,27,4,2,5,0,0,134.3,122,61,21,102,52,4.09,4.84,1.30,0.258,9
304,Ryan Thompson,TB,RP,RP,-7.8,47,0,0,3,3,3,10,42.7,39,18,4,39,11,3.80,3.42,1.17,0.273,
305,Angel Rondon,FA,SP,SP,-7.8,1,0,0,1,0,0,0,5.0,1,0,0,4,3,0.00,3.32,0.80,0.077,
306,Aaron Ashby,MIL,SP,SP,-7.8,26,19,3,2,10,1,1,104.3,101,52,15,124,47,4.49,4.13,1.42,0.319,50
307,Zack Greinke,KC,SP,SP,-7.9,25,25,8,4,9,0,0,131.0,150,55,14,72,26,3.78,4.07,1.34,0.307,23
308,Zach Pop,TOR,RP,RP,-7.9,35,0,0,4,0,0,3,39.0,41,12,2,25,4,2.77,2.96,1.15,0.312,
309,Colin Holderman,PIT,RP,RP,-8.0,24,0,0,5,0,0,2,28.3,20,12,0,24,14,3.81,3.33,1.20,0.260,
310,Tyler Danish,BOS,SP,SP,-8.1,32,0,0,3,1,0,3,40.3,40,23,7,32,12,5.13,4.98,1.29,0.280,
311,Lucas Gilbreath,COL,SP,SP,-8.1,47,0,0,2,0,0,12,43.0,37,20,2,49,26,4.19,3.53,1.47,0.327,
312,Andrew Wantz,LAA,RP,RP,-8.1,41,1,0,2,1,0,8,49.0,35,17,8,51,20,3.12,4.50,1.12,0.233,
313,Jackson Stephens,ATL,RP,RP,-8.2,38,0,0,3,3,2,2,50.7,44,19,3,47,21,3.38,3.45,1.28,0.270,
314,Nick Vespi,BAL,RP,RP,-8.2,24,0,0,5,0,1,1,25.7,27,12,5,28,8,4.21,4.52,1.36,0.324,
315,Luis Cessa,CIN,SP,SP,-8.3,45,9,1,4,4,0,5,75.7,75,40,13,55,27,4.76,5.05,1.35,0.279,
316,Justus Sheffield,SEA,SP,SP,-8.3,5,0,0,0,0,0,0,6.7,2,0,0,3,2,0.00,3.12,0.60,0.111,
317,Tanner Banks,CHW,RP,RP,-8.3,35,0,0,2,0,0,1,53.0,42,18,5,49,18,3.06,3.57,1.13,0.257,
318,Connor Brogdon,PHI,RP,RP,-8.3,46,0,0,2,2,2,6,42.7,41,16,6,50,11,3.38,3.44,1.22,0.310,2
319,Bryan Garcia,DET,SP,SP,-8.3,3,3,1,1,0,0,0,13.7,9,5,3,11,8,3.29,6.55,1.24,0.182,
320,Chris Paddack,MIN,SP,SP,-8.3,5,5,0,1,2,0,0,22.3,25,10,0,20,2,4.03,1.73,1.21,0.357,
321,Yusei Kikuchi,TOR,SP,SP,-8.4,31,20,3,5,7,1,0,99.0,93,58,23,122,58,5.27,5.70,1.53,0.297,7
322,Zach Plesac,CLE,SP,SP,-8.4,24,24,11,3,12,0,0,130.7,136,63,19,100,38,4.34,4.46,1.33,0.292,30
323,Seth Martinez,HOU,RP,RP,-8.5,29,0,0,1,1,0,2,38.7,26,9,3,38,14,2.10,3.32,1.03,0.232,
324,Miguel Castro,NYY,RP,RP,-8.6,32,0,0,5,0,0,8,27.0,25,12,2,30,13,4.00,3.75,1.41,0.324,
325,Graham Ashcraft,CIN,SP,SP,-8.6,18,18,9,5,5,0,0,99.7,115,50,10,67,25,4.52,4.04,1.40,0.318,11
326,Hunter Harvey,WSH,RP,RP,-8.7,36,0,0,2,1,0,6,37.3,33,11,1,42,11,2.65,2.10,1.18,0.330,
327,Taylor Clarke,KC,RP,RP,-8.7,46,0,0,3,1,2,10,48.0,50,22,6,46,8,4.13,3.39,1.21,0.310,
328,Daniel Norris,DET,SP,SP,-8.8,40,3,0,2,4,0,2,56.7,45,34,11,62,29,5.40,5.36,1.31,0.248,
329,Rowan Wick,CHC,RP,RP,-8.8,63,0,0,4,7,9,5,63.0,79,30,9,68,29,4.29,4.24,1.71,0.368,23
330,Dane Dunning,TEX,SP,SP,-8.8,29,29,10,4,8,0,0,153.3,158,76,20,137,62,4.46,4.45,1.43,0.314,11
331,Jovani Moran,MIN,RP,RP,-8.8,30,0,0,0,1,1,2,38.7,25,10,0,51,18,2.33,1.87,1.11,0.278,
332,Javier Assad,CHC,SP,SP,-8.8,8,7,1,2,2,0,0,32.3,31,13,4,26,19,3.62,4.88,1.55,0.278,
333,Kyle Bradish,BAL,SP,SP,-8.8,23,23,6,4,7,0,0,117.7,119,64,17,111,46,4.90,4.46,1.40,0.314,5
334,Ryan Yarbrough,TB,SP,SP,-8.9,20,9,2,3,8,0,0,80.0,88,40,12,61,22,4.50,4.78,1.38,0.305,
335,Lou Trivino,NYY,RP,RP,-9.0,63,0,0,2,8,11,4,52.7,64,27,6,67,24,4.61,3.65,1.67,0.387,18
336,Andre Jackson,LAD,SP,SP,-9.0,4,0,0,0,0,1,1,9.7,9,2,0,9,4,1.86,2.50,1.34,0.310,
337,Touki Toussaint,LAA,SP,SP,-9.0,8,2,0,1,1,0,0,25.3,15,13,2,26,19,4.62,4.81,1.34,0.228,
338,Shane Baz,TB,SP,SP,-9.0,6,6,2,1,2,0,0,27.0,27,15,5,30,9,5.00,4.41,1.33,0.306,50
339,Will Vest,DET,RP,RP,-9.0,58,0,0,3,3,1,4,62.3,61,27,6,61,20,3.90,3.47,1.30,0.316,
340,Chris Archer,MIN,SP,SP,-9.1,25,25,0,2,8,0,0,102.7,87,52,12,84,48,4.56,4.49,1.31,0.260,2
341,Tim Hill,SD,RP,RP,-9.1,54,0,0,3,0,0,7,47.7,43,15,1,25,12,2.83,3.22,1.15,0.276,
342,Luis Ortiz,PIT,SP,SP,-9.1,4,4,0,0,2,0,0,16.0,8,8,1,17,10,4.50,3.68,1.13,0.171,
343,Chase Anderson,CIN,SP,SP,-9.2,8,7,0,2,4,0,0,23.3,16,17,3,23,14,6.56,5.00,1.29,0.228,18
344,Chris Sale,BOS,SP,SP,-9.2,2,2,0,0,1,0,0,5.7,5,2,0,5,1,3.18,2.41,1.06,0.278,27
345,Adrian Houser,MIL,SP,SP,-9.2,22,21,6,6,10,0,0,102.7,103,54,8,69,47,4.73,4.22,1.46,0.289,5
346,Taylor Hearn,TEX,SP,SP,-9.2,30,13,1,6,8,1,1,97.0,107,57,11,95,41,5.29,3.99,1.53,0.333,
347,Ryan Castellani,OAK,SP,SP,-9.2,3,0,0,0,0,0,1,2.7,2,0,0,1,0,0.00,2.37,0.75,0.200,
348,Tyler Alexander,DET,SP,SP,-9.2,26,16,4,4,11,0,1,95.3,101,50,15,56,24,4.72,4.77,1.31,0.284,2
349,Caleb Ferguson,LAD,RP,RP,-9.2,35,1,0,1,0,0,7,33.0,21,7,1,34,15,1.91,2.90,1.09,0.247,
350,JT Brubaker,PIT,SP,SP,-9.2,27,27,8,3,12,0,0,141.3,153,72,17,145,53,4.59,3.94,1.46,0.333,9
351,Adrian Morejon,SD,RP,RP,-9.2,25,0,0,4,1,1,5,32.0,30,16,4,26,8,4.50,3.96,1.19,0.271,
352,Michael Plassmeyer,PHI,SP,SP,-9.2,1,0,0,0,0,0,0,1.3,0,0,0,1,0,0.00,1.62,0.00,0.000,
353,Cooper Criswell,TB,SP,SP,-9.2,1,1,0,0,0,0,0,3.3,2,1,0,4,1,2.70,1.62,0.90,0.250,
354,Sam Moll,OAK,RP,RP,-9.3,53,0,0,2,1,0,16,43.3,33,14,5,46,22,2.91,4.22,1.27,0.252,
355,Cody Poteet,MIA,SP,SP,-9.3,12,2,0,0,1,0,1,28.0,23,12,4,21,11,3.86,4.65,1.21,0.244,
356,Caleb Smith,ARI,SP,SP,-9.3,44,1,0,1,3,0,4,68.3,56,32,14,62,38,4.22,5.68,1.38,0.235,
357,Jose Quijada,LAA,RP,RP,-9.3,41,0,0,0,5,3,11,39.3,24,16,5,51,19,3.66,3.78,1.09,0.213,2
358,Nick Nelson,PHI,SP,SP,-9.3,46,2,0,3,2,1,3,67.7,65,37,1,68,35,4.92,3.03,1.48,0.330,
359,Denyi Reyes,BAL,SP,SP,-9.3,3,1,0,0,0,0,0,7.7,8,2,0,3,1,2.35,2.72,1.17,0.296,
360,Ian Kennedy,ARI,RP,RP,-9.4,56,0,0,4,7,10,11,49.3,56,30,11,43,22,5.47,5.67,1.58,0.296,18
361,Tyler Glasnow,TB,SP,SP,-9.4,1,1,0,0,0,0,0,3.0,2,1,1,3,1,3.00,6.45,1.00,0.167,52
362,John Means,BAL,SP,SP,-9.4,2,2,0,0,0,0,0,8.0,8,3,0,7,2,3.38,2.12,1.25,0.320,20
363,Phil Bickford,LAD,RP,RP,-9.4,60,0,0,2,1,0,6,61.0,53,32,12,67,14,4.72,4.26,1.10,0.270,
364,Tyler Kinley,COL,RP,RP,-9.4,25,0,0,1,1,0,10,24.0,21,2,0,27,6,0.75,1.74,1.13,0.318,
365,Josh Rogers,MIA,SP,SP,-9.4,16,3,0,2,2,0,1,26.3,24,15,6,12,11,5.13,6.42,1.33,0.217,
366,Jonathan Hernandez,TEX,RP,RP,-9.4,27,0,0,2,3,4,3,28.3,24,8,0,25,16,2.54,3.15,1.41,0.293,7
367,Easton McGee,TB,SP,SP,-9.4,1,0,0,0,0,0,0,3.0,4,0,0,1,0,0.00,2.45,1.33,0.308,
368,Janson Junk,LAA,SP,SP,-9.4,3,2,0,1,1,0,0,8.3,10,6,1,11,3,6.48,3.12,1.56,0.409,
369,Simeon Woods Richardson,MIN,SP,SP,-9.4,1,1,0,0,1,0,0,5.0,3,2,1,3,2,3.60,5.72,1.00,0.143,
370,William Woods,ATL,SP,SP,-9.4,2,0,0,0,0,0,0,2.0,2,0,0,2,1,0.00,2.62,1.50,0.400,
371,Cam Alldred,PIT,SP,SP,-9.4,1,0,0,0,0,0,0,1.0,1,0,0,1,0,0.00,1.12,1.00,0.333,
372,Steven Brault,CHC,SP,SP,-9.5,9,0,0,0,0,0,1,9.0,8,3,0,8,5,3.00,3.34,1.44,0.308,
373,Bowden Francis,TOR,SP,SP,-9.5,1,0,0,0,0,0,0,0.7,1,0,0,1,0,0.00,0.00,1.50,0.500,
374,Freddy Tarnok,ATL,SP,SP,-9.5,1,0,0,0,0,0,0,0.7,1,0,0,1,0,0.00,0.00,1.50,0.500,
375,Hyun Jin Ryu,TOR,SP,SP,-9.6,6,6,1,2,0,0,0,27.0,32,17,5,16,4,5.67,4.78,1.33,0.307,30
376,Anthony Kay,TOR,SP,SP,-9.6,1,0,0,0,0,0,0,2.0,2,1,0,3,1,4.50,3.12,1.50,0.400,
377,Peter Strzelecki,MIL,RP,RP,-9.6,29,0,0,2,1,0,4,34.0,28,11,2,40,15,2.91,2.94,1.26,0.302,
378,Matt Swarmer,CHC,SP,SP,-9.6,11,5,2,2,3,0,0,34.0,33,19,12,36,20,5.03,7.35,1.56,0.247,
379,Buck Farmer,CIN,RP,RP,-9.7,42,0,0,2,2,2,4,45.3,35,20,2,52,24,3.97,3.05,1.30,0.295,
380,Kevin Herget,TB,SP,SP,-9.7,2,0,0,0,0,0,0,2.7,2,2,0,1,0,6.75,2.37,0.75,0.222,
381,Jack Flaherty,STL,SP,SP,-9.7,8,8,2,2,1,0,0,35.0,35,17,4,32,22,4.37,5.09,1.63,0.310,86
382,Konnor Pilkington,CLE,SP,SP,-9.7,15,10,0,1,2,0,0,58.0,53,25,6,50,32,3.88,4.50,1.47,0.280,
383,Dominic Leone,FA,RP,RP,-9.8,55,0,0,4,5,3,11,49.3,55,22,6,52,24,4.01,4.05,1.60,0.350,
384,Jarlin Garcia,SF,RP,RP,-9.8,57,0,0,1,4,1,4,64.3,58,25,9,55,18,3.50,4.11,1.18,0.268,
385,Manuel Rodriguez,CHC,RP,RP,-9.8,13,0,0,2,0,4,2,13.3,8,4,1,7,7,2.70,4.62,1.13,0.184,23
386,Michael Grove,LAD,SP,SP,-9.8,7,6,0,1,0,0,0,29.3,32,15,6,24,10,4.60,5.16,1.43,0.280,
387,Madison Bumgarner,ARI,SP,SP,-9.9,30,30,6,7,15,0,0,158.7,179,86,25,112,49,4.88,4.87,1.44,0.307,11
388,Humberto Castellanos,ARI,SP,SP,-9.9,11,9,0,3,2,0,0,44.3,50,28,7,32,12,5.68,4.81,1.40,0.312,
389,Reyes Moronta,ARI,RP,RP,-9.9,38,0,0,2,1,2,4,37.3,28,17,5,38,17,4.10,4.35,1.21,0.240,9
390,Cristopher Sanchez,PHI,SP,SP,-9.9,15,3,1,2,3,1,2,40.0,38,25,5,35,17,5.63,4.57,1.38,0.284,
391,Anthony Bender,MIA,RP,RP,-9.9,22,0,0,1,3,6,3,19.3,17,7,3,17,8,3.26,4.77,1.29,0.286,11
392,Kenny Rosenberg,LAA,SP,SP,-9.9,3,1,0,0,0,0,0,10.7,9,5,1,8,6,4.22,4.52,1.41,0.250,
393,Robbie Erlin,LAD,SP,SP,-10.0,2,0,0,0,0,0,0,2.0,2,2,1,1,1,9.00,10.12,1.50,0.167,
394,JT Chargois,TB,RP,RP,-10.0,20,3,0,2,0,0,3,21.3,16,6,3,17,5,2.53,4.19,0.98,0.224,
395,Daniel Mengden,KC,SP,SP,-10.0,5,1,0,0,1,1,0,7.0,10,4,1,8,1,5.14,3.12,1.57,0.391,
396,Dillon Peters,PIT,RP,RP,-10.0,22,4,0,5,2,0,3,39.3,35,20,5,26,17,4.58,4.74,1.32,0.259,
397,Mike Baumann,BAL,SP,SP,-10.0,12,3,0,1,3,0,1,29.0,34,14,2,19,8,4.35,3.74,1.45,0.340,
398,Cody Stashak,MIN,RP,RP,-10.0,11,0,0,3,0,0,1,16.3,16,7,1,15,0,3.86,2.07,0.98,0.306,
399,Jackson Tetreault,WSH,SP,SP,-10.0,4,4,2,2,2,0,0,21.0,23,12,4,9,10,5.14,6.16,1.57,0.260,
400,Daniel Castano,MIA,SP,SP,-10.1,10,7,2,1,3,0,0,35.7,42,16,5,20,9,4.04,4.74,1.43,0.308,
401,Adrian Martinez,OAK,SP,SP,-10.1,11,11,1,4,6,0,0,53.3,62,36,13,48,17,6.08,5.61,1.48,0.312,
402,Wyatt Mills,KC,SP,SP,-10.1,27,0,0,0,1,0,4,29.3,26,15,1,26,13,4.60,3.63,1.33,0.305,
403,Paolo Espino,WSH,SP,SP,-10.2,41,18,0,0,8,0,0,113.0,126,54,21,92,22,4.30,4.54,1.31,0.307,
404,Raynel Espinal,CIN,SP,SP,-10.2,2,0,0,0,1,0,0,4.7,6,4,1,5,1,7.71,4.40,1.50,0.385,
405,Spenser Watkins,BAL,SP,SP,-10.2,22,19,4,5,6,0,0,102.0,117,54,11,60,28,4.77,4.28,1.42,0.310,
406,Kutter Crawford,BOS,SP,SP,-10.2,21,12,4,3,6,0,0,77.3,81,47,12,77,29,5.47,4.34,1.42,0.321,5
407,Ken Waldichuk,OAK,SP,SP,-10.2,6,6,0,1,2,0,0,27.7,29,19,5,29,9,6.18,4.67,1.37,0.320,
408,Louie Varland,MIN,SP,SP,-10.2,4,4,0,0,2,0,0,21.0,22,11,4,16,6,4.71,4.93,1.33,0.295,
409,David Phelps,TOR,RP,RP,-10.3,64,0,0,0,2,1,9,62.7,51,20,2,64,31,2.87,3.12,1.31,0.288,
410,Steve Cishek,WSH,RP,RP,-10.3,68,0,0,1,4,1,6,65.3,53,31,11,73,27,4.27,4.91,1.22,0.262,
411,Aaron Bummer,CHW,RP,RP,-10.3,31,0,0,2,1,2,10,25.7,29,7,2,29,10,2.45,3.27,1.52,0.365,
412,Tyler Rogers,SF,RP,RP,-10.3,67,0,0,3,4,0,15,74.7,72,30,3,48,23,3.62,3.48,1.27,0.294,
413,Max Meyer,MIA,SP,SP,-10.3,2,2,0,0,1,0,0,6.0,7,5,2,6,2,7.50,6.45,1.50,0.312,5
414,Joel Payamps,OAK,RP,RP,-10.4,41,0,0,3,6,0,3,55.7,60,20,7,41,16,3.23,4.25,1.37,0.299,
415,Luis Gil,NYY,SP,SP,-10.4,1,1,0,0,0,0,0,4.0,5,4,0,5,2,9.00,2.12,1.75,0.417,
416,Evan Lee,WSH,SP,SP,-10.4,4,1,0,0,1,0,0,8.7,9,4,1,7,7,4.15,5.77,1.85,0.296,
417,Noe Ramirez,FA,RP,RP,-10.5,55,0,0,5,4,0,11,50.0,45,29,9,51,26,5.22,5.16,1.42,0.286,
418,Phil Maton,HOU,RP,RP,-10.5,65,0,0,0,2,0,13,64.3,55,26,10,70,22,3.64,4.31,1.20,0.276,
419,Scott Alexander,SF,RP,RP,-10.6,17,4,0,0,0,2,5,17.3,12,2,1,10,1,1.04,2.89,0.75,0.212,9
420,Genesis Cabrera,STL,RP,RP,-10.6,39,0,0,4,2,1,13,44.7,39,23,8,32,20,4.63,5.62,1.32,0.233,
421,Casey Mize,DET,SP,SP,-10.6,2,2,0,0,1,0,0,10.0,13,6,1,4,2,5.40,4.22,1.50,0.316,23
422,Brendon Little,CHC,SP,SP,-10.7,1,0,0,0,1,0,0,0.7,2,3,1,0,1,40.50,0.00,4.50,0.333,
423,DL Hall,BAL,SP,SP,-10.7,10,1,0,0,1,1,0,12.7,15,9,0,17,6,6.40,1.85,1.66,0.417,5
424,Jake Diekman,CHW,RP,RP,-10.8,68,0,0,5,4,1,16,55.7,52,32,9,77,41,5.17,5.09,1.67,0.321,5
425,Shawn Armstrong,TB,RP,RP,-10.8,49,3,0,2,2,2,2,61.3,66,30,7,65,17,4.40,3.51,1.35,0.339,
426,Garrett Cleavinger,TB,RP,RP,-10.8,16,0,0,1,1,0,0,22.0,14,10,2,30,6,4.09,2.52,0.91,0.250,
427,Kyle Muller,ATL,SP,SP,-10.8,3,3,0,1,1,0,0,12.3,13,11,2,12,8,8.03,5.22,1.70,0.306,2
428,Matthew Liberatore,STL,SP,SP,-10.8,8,6,0,2,1,0,0,29.7,36,18,5,25,14,5.46,5.04,1.69,0.333,
429,Anthony Gose,CLE,RP,RP,-10.9,22,0,0,3,0,0,0,21.0,15,11,4,28,14,4.71,5.07,1.38,0.239,
430,Hunter Strickland,CIN,RP,RP,-10.9,65,0,0,3,3,7,4,61.3,61,34,8,58,33,4.99,4.88,1.53,0.303,2
431,Luis Perdomo,MIL,RP,RP,-10.9,14,0,0,3,0,0,1,23.7,24,10,4,12,3,3.80,4.81,1.14,0.263,
432,Luke Farrell,CIN,SP,SP,-11.0,6,2,0,0,0,0,0,15.0,18,9,3,14,7,5.40,5.25,1.67,0.326,
433,Jose Cuas,KC,RP,RP,-11.0,47,0,0,4,2,1,11,37.7,39,15,2,34,24,3.58,4.39,1.67,0.327,
434,Cody Sedlock,DET,SP,SP,-11.0,1,0,0,0,0,0,0,3.0,6,5,0,3,1,15.00,2.12,2.33,0.500,
435,Matt Brash,SEA,RP,RP,-11.0,37,5,0,4,4,0,8,48.7,45,25,3,62,32,4.62,3.47,1.58,0.362,
436,Robert Dugger,CIN,SP,SP,-11.0,4,1,0,0,1,0,0,16.0,19,11,3,19,7,6.19,4.49,1.63,0.372,
437,Tommy Henry,ARI,SP,SP,-11.0,8,8,1,3,4,0,0,40.7,44,27,9,31,20,5.98,6.16,1.57,0.294,
438,Zac Lowther,BAL,SP,SP,-11.0,1,0,0,0,0,0,0,5.3,8,5,0,1,2,8.44,4.43,1.88,0.333,
439,Tyler Gilbert,ARI,SP,SP,-11.1,8,7,0,0,3,0,0,34.3,33,20,8,20,10,5.24,5.94,1.25,0.236,
440,Cory Abbott,WSH,SP,SP,-11.1,15,8,1,0,4,0,0,44.0,39,25,11,39,21,5.11,6.30,1.36,0.235,
441,Cade Cavalli,WSH,SP,SP,-11.1,1,1,0,0,1,0,0,4.3,6,7,0,6,2,14.54,3.81,1.85,0.500,
442,Will Smith,HOU,RP,RP,-11.2,64,0,0,0,3,5,16,58.0,55,26,9,62,25,4.04,4.39,1.38,0.288,27
443,Elieser Hernandez,MIA,SP,SP,-11.2,19,9,1,3,6,0,0,58.3,63,41,19,57,22,6.33,6.73,1.46,0.277,11
444,Trevor Megill,MIN,RP,RP,-11.2,39,0,0,4,3,0,3,45.0,50,24,4,49,17,4.80,3.29,1.49,0.362,
445,Kirk McCarty,CLE,RP,RP,-11.2,12,2,0,4,2,0,0,35.7,36,18,10,25,13,4.54,6.54,1.37,0.248,
446,Amir Garrett,KC,RP,RP,-11.3,59,0,0,3,1,0,10,44.3,27,25,0,48,31,5.08,3.39,1.31,0.252,
447,Mike Mayers,LAA,SP,SP,-11.3,24,3,0,1,1,0,1,50.7,52,32,15,45,18,5.68,6.37,1.38,0.259,
448,Josh Sborz,TEX,SP,SP,-11.3,19,1,0,0,0,0,1,22.3,25,16,4,32,11,6.45,4.06,1.61,0.396,
449,Daulton Jefferies,OAK,SP,SP,-11.3,8,8,2,1,7,0,0,39.3,46,25,4,28,8,5.72,3.78,1.37,0.323,2
450,Ethan Small,MIL,SP,SP,-11.3,2,2,0,0,0,0,0,6.3,8,5,1,7,8,7.11,6.75,2.53,0.412,
451,Greg Weissert,NYY,RP,RP,-11.3,11,0,0,3,0,0,0,10.3,6,7,1,10,5,6.10,4.47,1.06,0.185,
452,Stephen Strasburg,WSH,SP,SP,-11.4,1,1,0,0,1,0,0,4.7,8,7,1,5,2,13.50,5.69,2.14,0.500,23
453,Austin Gomber,COL,SP,SP,-11.4,32,16,7,5,7,0,0,121.7,134,76,19,91,33,5.62,4.51,1.37,0.311,7
454,Chris Ellis,BAL,SP,SP,-11.4,2,2,0,0,0,0,0,4.3,5,5,0,2,6,10.39,7.04,2.54,0.312,
455,Jake Cousins,MIL,RP,RP,-11.4,11,0,0,2,1,0,0,11.3,9,4,1,18,7,3.18,3.47,1.41,0.348,
456,Jonathan Heasley,KC,SP,SP,-11.5,20,20,7,4,9,0,0,99.0,99,55,19,66,45,5.00,5.79,1.45,0.263,
457,Trevor Rogers,MIA,SP,SP,-11.5,23,23,4,4,11,0,0,107.0,116,65,15,106,45,5.47,4.36,1.50,0.330,34
458,Xzavion Curry,CLE,SP,SP,-11.5,2,2,0,0,1,0,0,9.3,13,6,1,3,6,5.79,6.12,2.04,0.333,
459,Jose Cisnero,DET,RP,RP,-11.6,26,0,0,1,0,0,4,22.7,13,3,0,20,19,1.19,4.00,1.41,0.228,
460,Jandel Gustave,MIL,RP,RP,-11.6,28,0,0,2,0,0,2,28.0,25,12,4,27,11,3.86,4.44,1.29,0.273,
461,Michael Pineda,FA,SP,SP,-11.7,11,11,1,2,7,0,0,46.7,58,30,13,26,8,5.79,6.14,1.41,0.294,
462,Luke Bard,NYY,RP,RP,-11.7,9,0,0,1,1,0,0,15.0,7,3,0,8,7,1.80,3.85,0.93,0.167,
463,Andres Machado,WSH,RP,RP,-11.7,50,0,0,2,0,0,3,57.3,53,22,7,46,26,3.45,4.56,1.38,0.267,
464,Max Castillo,KC,SP,SP,-11.7,14,6,0,0,2,0,0,39.3,38,26,8,37,15,5.95,5.18,1.35,0.280,
465,Joely Rodriguez,NYM,RP,RP,-11.8,54,0,0,2,4,0,9,49.3,41,25,3,57,26,4.56,3.24,1.36,0.309,
466,Kyle Crick,CHW,RP,RP,-11.8,14,0,0,2,0,0,3,15.7,10,7,0,19,11,4.02,3.18,1.34,0.294,
467,Chad Green,NYY,RP,RP,-11.8,14,0,0,1,1,1,3,15.0,13,5,1,16,5,3.00,2.85,1.20,0.308,2
468,Jeff Hoffman,CIN,RP,RP,-11.8,35,1,0,2,0,0,1,44.7,40,19,5,45,23,3.83,4.30,1.41,0.287,
469,Jesus Tinoco,TEX,RP,RP,-11.8,15,1,0,0,0,0,4,18.7,9,4,1,16,8,1.93,3.54,0.91,0.167,
470,Jonathan Loaisiga,NYY,RP,RP,-11.8,49,0,0,2,3,1,10,47.0,42,22,3,37,19,4.21,3.58,1.30,0.275,11
471,Albert Abreu,NYY,RP,RP,-11.8,32,0,0,2,2,0,1,38.0,34,14,5,38,22,3.32,4.80,1.47,0.284,
472,A.J. Alexy,TEX,SP,SP,-11.8,4,0,0,1,1,0,0,7.0,10,9,1,6,9,11.57,7.12,2.71,0.409,
473,Jose Butto,NYM,SP,SP,-11.8,1,1,0,0,0,0,0,4.0,9,7,2,5,2,15.75,8.62,2.75,0.500,
474,Tommy Romero,WSH,SP,SP,-11.8,4,2,0,1,1,0,0,8.3,11,10,7,7,9,10.80,15.60,2.40,0.190,
475,Chi Chi Gonzalez,NYY,SP,SP,-11.9,7,5,0,0,1,0,0,23.0,28,15,5,15,7,5.87,5.55,1.52,0.319,
476,Daniel Lynch,KC,SP,SP,-11.9,26,26,3,4,12,0,0,127.0,147,70,20,120,50,4.96,4.55,1.55,0.334,9
477,Sam Long,SF,RP,RP,-11.9,28,6,0,1,3,1,0,42.3,39,17,8,33,14,3.61,5.08,1.25,0.250,
478,Chase Silseth,LAA,SP,SP,-11.9,7,7,1,1,3,0,0,28.7,33,21,7,24,12,6.59,5.98,1.57,0.310,
479,Craig Stammen,SD,RP,RP,-12.0,32,0,0,1,1,0,2,37.7,39,15,8,32,7,3.58,4.89,1.22,0.284,
480,Drew Hutchison,DET,SP,SP,-12.0,28,18,2,3,9,0,0,105.3,114,53,15,68,42,4.53,4.93,1.48,0.295,
481,Tommy Kahnle,LAD,RP,RP,-12.0,12,0,0,0,0,1,1,11.7,5,4,2,14,3,3.09,4.49,0.69,0.136,2
482,Blake Treinen,LAD,RP,RP,-12.1,5,0,0,1,1,0,1,5.0,1,1,1,6,1,1.80,3.92,0.40,0.000,20
483,Huascar Brazoban,MIA,RP,RP,-12.1,26,0,0,1,1,0,4,30.7,25,11,3,39,20,3.23,4.00,1.47,0.301,
484,Brad Keller,KC,SP,SP,-12.1,35,22,11,6,14,1,1,139.7,153,79,17,102,57,5.09,4.50,1.50,0.311,7
485,Cole Ragans,TEX,SP,SP,-12.1,9,9,0,0,3,0,0,40.0,43,22,6,27,16,4.95,4.92,1.48,0.296,2
486,Ryan Weber,FA,RP,RP,-12.2,5,0,0,0,0,1,0,10.7,6,1,1,3,1,0.84,4.05,0.66,0.156,
487,Zack Littell,SF,RP,RP,-12.2,39,0,0,3,3,1,5,44.3,48,25,8,39,13,5.08,4.65,1.38,0.308,
488,Justin Dunn,CIN,SP,SP,-12.2,7,7,1,1,3,0,0,31.0,32,21,11,21,17,6.10,8.31,1.58,0.247,
489,Austin Pruitt,OAK,RP,RP,-12.2,37,1,0,0,1,1,2,53.7,47,26,11,37,8,4.36,4.90,1.02,0.222,
490,Tommy Nance,MIA,RP,RP,-12.2,34,2,0,2,3,0,2,42.7,45,21,5,57,20,4.43,3.58,1.52,0.374,
491,Jimmy Lambert,CHW,RP,RP,-12.2,41,2,0,1,2,0,10,46.0,40,17,4,43,23,3.33,3.94,1.37,0.281,
492,Trevor Richards,TOR,RP,RP,-12.2,61,3,0,3,2,0,8,63.0,56,38,9,82,35,5.43,4.08,1.44,0.315,
493,Fernando Cruz,CIN,RP,RP,-12.3,13,2,0,0,1,0,1,13.7,8,1,0,18,9,0.66,2.68,1.24,0.242,
494,Kevin Ginkel,ARI,RP,RP,-12.3,29,0,0,1,1,0,4,28.3,26,11,1,29,11,3.49,2.80,1.31,0.321,
495,Tyler Duffey,NYY,RP,RP,-12.4,40,0,0,2,4,2,9,44.0,45,24,8,39,15,4.91,4.80,1.36,0.303,9
496,Zack Weiss,LAA,RP,RP,-12.4,10,0,0,0,0,0,1,12.0,4,3,1,17,7,2.25,3.37,0.92,0.136,
497,Brett Martin,TEX,RP,RP,-12.4,55,1,0,1,7,3,7,50.0,50,23,4,40,18,4.14,3.64,1.36,0.305,2
498,Matt Gage,TOR,RP,RP,-12.4,11,0,0,0,1,0,0,13.0,6,2,1,12,6,1.39,3.89,0.92,0.161,
499,Tyler Cyr,OAK,RP,RP,-12.4,11,0,0,1,0,0,1,12.3,10,4,2,14,5,2.92,4.41,1.22,0.276,
500,Trevor May,NYM,RP,RP,-12.5,26,0,0,2,0,1,6,24.0,27,14,4,29,8,5.25,3.87,1.46,0.348,
501,Shelby Miller,SF,RP,RP,-12.5,3,0,0,0,0,0,1,5.7,4,0,0,13,0,0.00,-1.47,0.71,0.500,2
502,Jerad Eickhoff,PIT,SP,SP,-12.5,1,1,0,0,1,0,0,4.3,10,10,2,4,1,20.77,10.04,2.54,0.471,
503,Tyson Miller,TEX,SP,SP,-12.5,4,2,0,1,2,0,0,10.7,16,13,1,8,8,10.97,5.65,2.25,0.405,
504,Brayan Bello,BOS,SP,SP,-12.5,13,11,2,2,8,0,0,57.3,75,30,1,55,27,4.71,2.94,1.78,0.404,
505,Tommy Hunter,NYM,RP,RP,-12.6,18,0,0,0,1,0,1,22.3,21,6,4,22,6,2.42,4.28,1.21,0.274,
506,Aaron Loup,LAA,RP,RP,-12.6,64,0,0,0,5,1,18,58.3,53,25,4,52,21,3.86,3.72,1.27,0.282,
507,Huascar Ynoa,ATL,SP,SP,-12.6,2,2,0,0,2,0,0,6.7,11,10,2,8,6,13.50,7.32,2.55,0.429,27
508,Cole Sands,MIN,SP,SP,-12.6,10,3,0,0,3,0,0,26.7,31,20,4,27,12,6.75,4.84,1.61,0.342,
509,Mason Thompson,WSH,RP,RP,-12.6,22,0,0,1,1,1,0,22.0,18,8,2,12,9,3.27,4.57,1.23,0.235,2
510,Kyle Tyler,FA,RP,RP,-12.6,2,0,0,1,0,0,0,4.0,2,0,0,2,1,0.00,2.87,0.75,0.182,
511,Josh Winckowski,BOS,SP,SP,-12.6,15,14,3,5,7,0,0,70.3,85,46,10,44,27,5.89,4.95,1.59,0.322,
512,Yohan Ramirez,PIT,RP,RP,-12.6,28,0,0,3,1,0,2,35.3,31,19,4,30,20,4.84,5.10,1.44,0.267,
513,Josh Fleming,TB,SP,SP,-12.6,9,2,0,2,4,0,0,30.3,46,21,3,25,12,6.23,4.04,1.91,0.402,
514,Sean Doolittle,WSH,RP,RP,-12.7,6,0,0,0,0,0,2,5.3,1,0,0,6,0,0.00,0.87,0.19,0.091,
515,Dennis Santana,TEX,RP,RP,-12.7,61,1,0,3,8,1,18,57.0,50,34,2,51,27,5.37,3.41,1.35,0.282,
516,Drew Carlton,DET,RP,RP,-12.7,5,0,0,0,0,0,0,8.7,4,2,1,7,0,2.08,3.00,0.46,0.125,
517,Justin Bruihl,LAD,RP,RP,-12.7,24,0,0,1,1,1,3,23.7,22,10,4,13,6,3.80,5.36,1.18,0.250,
518,Gabe Speier,KC,RP,RP,-12.8,17,1,0,0,1,0,2,19.3,16,5,2,14,5,2.33,3.79,1.09,0.250,
519,Ryan Feltner,COL,SP,SP,-12.8,19,18,3,3,9,0,0,91.3,98,61,15,80,33,6.01,4.75,1.43,0.307,
520,Derek Law,CIN,RP,RP,-12.9,15,0,0,2,3,0,2,18.0,21,7,2,15,8,3.50,4.56,1.61,0.322,
521,Matt Foster,CHW,RP,RP,-12.9,48,0,0,1,2,1,5,45.0,43,22,6,42,17,4.40,4.12,1.33,0.285,
522,Erich Uelmen,CHC,RP,RP,-12.9,24,0,0,2,1,1,3,26.3,25,14,3,21,12,4.79,5.05,1.41,0.275,
523,Matt Barnes,BOS,RP,RP,-13.0,42,0,0,0,4,6,4,37.7,35,19,2,34,21,4.54,3.91,1.49,0.297,34
524,Anthony DeSclafani,SF,SP,SP,-13.0,5,5,0,0,2,0,0,19.0,34,14,4,17,4,6.63,4.85,2.00,0.448,14
525,Eduard Bazardo,BOS,RP,RP,-13.0,11,0,0,0,0,0,0,15.3,11,5,4,11,3,2.94,6.05,0.91,0.171,
526,Oliver Ortega,LAA,RP,RP,-13.0,27,0,0,1,3,1,5,34.0,32,14,5,33,18,3.71,4.76,1.47,0.300,
527,Caleb Kilian,CHC,SP,SP,-13.0,3,3,0,0,2,0,0,11.3,11,13,0,9,12,10.32,4.97,2.03,0.324,
528,Richard Bleier,MIA,RP,RP,-13.1,54,1,0,2,2,1,7,49.7,63,20,3,31,10,3.62,3.32,1.47,0.343,
529,Aaron Sanchez,FA,SP,SP,-13.1,14,10,0,3,4,0,0,58.3,75,41,7,41,15,6.33,4.30,1.54,0.362,
530,Erick Fedde,WSH,SP,SP,-13.1,26,26,5,6,12,0,0,124.7,140,73,19,93,56,5.27,4.95,1.57,0.313,
531,Jared Koenig,OAK,SP,SP,-13.1,9,5,0,1,3,0,0,35.3,40,25,4,19,15,6.37,5.21,1.56,0.298,
532,Manny Banuelos,PIT,RP,RP,-13.2,33,0,0,1,1,1,5,38.3,31,20,2,37,20,4.70,3.66,1.33,0.282,
533,Austin Adams,SD,RP,RP,-13.2,2,0,0,1,0,0,0,2.3,0,0,0,2,3,0.00,5.26,1.29,0.000,
534,Victor Arano,WSH,RP,RP,-13.2,43,0,0,1,1,1,7,42.0,47,21,5,44,12,4.50,3.71,1.40,0.341,
535,Jeff Brigham,MIA,RP,RP,-13.2,14,0,0,0,1,1,1,22.7,21,9,3,26,10,3.57,3.87,1.37,0.316,
536,Yerry De Los Santos,PIT,RP,RP,-13.2,26,0,0,0,3,3,2,25.7,22,14,3,26,11,4.91,4.01,1.29,0.264,
537,Ronny Henriquez,MIN,RP,RP,-13.2,3,0,0,0,1,0,0,11.7,8,3,1,9,3,2.31,3.97,0.94,0.200,
538,Jose Álvarez,SF,RP,RP,-13.3,21,0,0,2,1,1,1,15.3,17,9,3,15,9,5.28,5.85,1.70,0.304,
539,Jacob Barnes,FA,RP,RP,-13.3,23,0,0,3,1,0,3,22.3,23,14,3,12,9,5.64,5.27,1.43,0.286,
540,Phoenix Sanders,BAL,RP,RP,-13.3,8,0,0,0,0,0,0,14.7,12,5,0,12,3,3.07,2.09,1.02,0.286,
541,Luke Weaver,KC,SP,SP,-13.4,25,1,0,1,1,0,0,34.3,50,25,1,37,13,6.55,2.65,1.83,0.430,
542,Keynan Middleton,ARI,RP,RP,-13.4,18,0,0,1,2,0,1,17.0,16,10,5,15,3,5.29,5.88,1.12,0.250,
543,Angel De Jesus,DET,RP,RP,-13.4,8,0,0,0,0,0,0,12.7,9,3,2,7,4,2.13,5.48,1.03,0.179,
544,Logan Gillaspie,BAL,RP,RP,-13.4,16,0,0,1,0,0,0,16.7,20,6,1,9,2,3.24,3.36,1.32,0.333,
545,Kodi Whitley,STL,RP,RP,-13.4,14,0,0,2,0,0,1,12.7,11,8,2,12,9,5.68,5.88,1.58,0.265,
546,Zack Kelly,BOS,RP,RP,-13.4,13,0,0,1,0,0,1,13.7,14,6,2,11,4,3.95,4.29,1.32,0.286,
547,Pierce Johnson,SD,RP,RP,-13.5,14,0,0,1,2,0,6,13.3,12,7,0,19,8,4.73,2.07,1.50,0.364,
548,Tyler Beede,PIT,SP,SP,-13.5,31,5,0,2,5,0,3,61.3,71,35,7,39,29,5.14,4.99,1.63,0.312,
549,Alex Young,SF,RP,RP,-13.5,24,1,0,1,1,0,5,25.0,28,7,0,18,11,2.52,3.12,1.56,0.346,
550,Luis Castillo,DET,RP,RP,-13.5,3,0,0,0,0,0,0,3.7,2,0,0,4,0,0.00,0.93,0.55,0.200,100
551,Jhonathan Diaz,LAA,RP,RP,-13.5,4,3,0,1,1,0,0,15.3,13,5,1,11,10,2.94,4.49,1.50,0.273,
552,Luis Patino,TB,SP,SP,-13.5,6,6,0,1,2,0,0,20.0,26,18,6,11,13,8.10,8.02,1.95,0.299,9
553,Danny Coulombe,MIN,RP,RP,-13.6,10,0,0,0,0,0,0,12.3,7,2,0,9,9,1.46,3.85,1.30,0.200,
554,Zach Logue,OAK,SP,SP,-13.6,14,10,2,3,8,0,0,57.0,68,43,13,42,20,6.79,5.76,1.54,0.309,
555,Luis Ortiz,SF,RP,RP,-13.6,4,0,0,0,0,0,0,6.3,3,1,0,3,2,1.42,3.12,0.79,0.167,
556,Stephen Nogosek,NYM,RP,RP,-13.6,11,0,0,0,1,0,0,19.3,17,6,4,15,7,2.79,5.50,1.24,0.228,
557,Mitch White,TOR,SP,SP,-13.6,24,18,1,1,6,0,0,95.0,103,55,8,74,34,5.21,3.82,1.44,0.315,5
558,Justin Wilson,CIN,RP,RP,-13.7,5,0,0,0,1,0,0,3.7,3,1,0,7,0,2.45,-0.70,0.82,0.500,
559,Juan Minaya,WSH,RP,RP,-13.7,6,0,0,1,0,0,0,9.7,8,6,0,11,5,5.59,3.32,1.34,0.308,
560,Shane Greene,NYY,RP,RP,-13.7,2,0,0,1,0,0,0,3.0,3,2,1,2,1,6.00,7.12,1.33,0.222,
561,Ken Giles,FA,RP,RP,-13.7,5,0,0,0,0,0,0,4.3,1,0,0,6,4,0.00,3.12,1.15,0.125,7
562,J.B. Wendelken,ARI,RP,RP,-13.7,29,0,0,2,1,0,1,29.0,25,17,4,21,14,5.28,5.01,1.34,0.256,
563,Hirokazu Sawamura,FA,RP,RP,-13.7,49,0,0,1,1,0,3,50.7,45,21,4,40,27,3.73,4.16,1.42,0.272,
564,Alex Faedo,DET,SP,SP,-13.7,12,11,1,1,5,0,0,53.7,63,33,7,44,25,5.53,4.63,1.64,0.335,
565,Ian Gibaut,CIN,RP,RP,-13.7,33,0,0,1,2,1,3,35.0,39,18,3,46,17,4.63,3.14,1.60,0.404,
566,Bryse Wilson,PIT,SP,SP,-13.7,24,20,5,3,9,0,0,112.3,129,69,20,78,30,5.53,5.08,1.42,0.307,2
567,Spencer Howard,TEX,SP,SP,-13.7,10,8,0,2,4,0,0,37.7,50,31,12,32,15,7.41,6.83,1.73,0.319,
568,Mark Appel,PHI,RP,RP,-13.8,6,0,0,0,0,0,0,10.3,9,2,0,5,3,1.74,3.02,1.16,0.281,
569,Jose Ruiz,CHW,RP,RP,-13.8,61,0,0,1,0,0,11,58.7,52,30,8,65,32,4.60,4.31,1.43,0.286,
570,Ralph Garza Jr.,TB,RP,RP,-13.8,19,0,0,2,2,0,0,35.0,38,13,4,17,16,3.34,5.17,1.54,0.298,
571,Ryan Borucki,SEA,RP,RP,-13.8,32,0,0,2,0,0,6,25.3,24,16,6,21,11,5.68,6.08,1.38,0.247,
572,Anthony Misiewicz,KC,RP,RP,-13.8,31,0,0,1,2,0,5,27.0,27,14,4,26,10,4.67,4.23,1.37,0.307,
573,Max Kranick,PIT,RP,RP,-13.8,2,0,0,0,0,0,1,5.0,3,0,0,4,3,0.00,3.32,1.20,0.250,
574,Archie Bradley,LAA,RP,RP,-13.9,21,0,0,0,1,2,4,18.7,17,10,1,15,7,4.82,3.33,1.29,0.291,
575,Dauri Moreta,CIN,RP,RP,-13.9,35,1,0,0,2,1,1,38.3,32,23,10,39,13,5.40,5.80,1.17,0.232,
576,Kyle Dowdy,CIN,RP,RP,-13.9,2,0,0,0,0,0,0,6.3,5,0,0,3,3,0.00,4.06,1.26,0.250,
577,Justin Lawrence,COL,RP,RP,-13.9,36,0,0,3,1,0,7,41.7,43,27,3,48,22,5.83,3.40,1.56,0.354,
578,Joel Kuhnel,CIN,RP,RP,-13.9,52,0,0,2,3,1,5,57.7,63,37,8,55,13,5.78,3.95,1.32,0.327,
579,Calvin Faucher,TB,RP,RP,-13.9,22,0,0,2,3,1,1,21.3,26,13,4,21,10,5.48,5.13,1.69,0.328,
580,Alex Claudio,FA,RP,RP,-14.0,3,0,0,0,0,0,0,3.3,1,0,0,2,2,0.00,3.72,0.90,0.111,
581,Kyle Barraclough,LAA,RP,RP,-14.0,8,0,0,0,1,0,2,9.0,7,3,0,9,4,3.00,2.45,1.22,0.292,
582,Alec Mills,CHC,SP,SP,-14.0,7,2,0,0,1,0,0,17.7,28,19,7,11,3,9.68,8.04,1.75,0.344,
583,Jake Reed,BAL,RP,RP,-14.0,18,0,0,2,0,1,0,16.7,17,13,2,13,8,7.02,5.10,1.50,0.294,
584,Brandon Bielak,HOU,RP,RP,-14.0,5,0,0,0,0,0,1,12.3,11,5,2,12,4,3.65,4.98,1.22,0.273,
585,Parker Mushinski,HOU,RP,RP,-14.0,7,0,0,0,0,0,1,7.3,5,3,0,8,3,3.68,2.57,1.09,0.278,
586,Tyler Holton,ARI,RP,RP,-14.0,10,0,0,0,0,0,0,9.0,8,3,1,6,2,3.00,4.23,1.11,0.241,
587,Sean Poppen,ARI,RP,RP,-14.0,27,0,0,1,2,0,3,26.7,26,13,4,21,11,4.39,4.73,1.39,0.293,
588,Miguel Sanchez,MIL,RP,RP,-14.0,12,0,0,1,1,0,2,13.3,12,6,3,9,8,4.05,6.49,1.50,0.231,
589,Jake Fishman,MIA,RP,RP,-14.0,6,0,0,0,0,0,2,10.7,11,4,0,6,0,3.38,2.83,1.03,0.306,
590,Michel Baez,SD,RP,RP,-14.0,2,0,0,0,0,0,0,2.0,1,0,0,2,0,0.00,1.12,0.50,0.200,
591,Austin Warren,LAA,RP,RP,-14.0,14,0,0,2,0,0,0,16.0,19,10,3,9,5,5.63,5.37,1.50,0.314,
592,Michael Feliz,MIN,RP,RP,-14.1,1,0,0,0,0,0,0,3.3,1,1,1,4,2,2.70,6.42,0.90,0.000,
593,Duane Underwood Jr.,PIT,RP,RP,-14.1,50,1,0,1,6,1,10,56.3,57,28,1,54,25,4.47,3.03,1.46,0.327,
594,Javy Guerra,TB,RP,RP,-14.1,17,0,0,2,1,0,2,17.0,16,10,3,10,11,5.29,6.35,1.59,0.236,
595,Michael Kelly,PHI,RP,RP,-14.1,4,0,0,0,0,0,0,4.0,3,1,1,4,1,2.25,5.87,1.00,0.222,
596,Ryan Burr,TB,RP,RP,-14.1,8,0,0,1,1,0,1,9.0,8,6,3,7,4,6.00,7.23,1.33,0.192,
597,Marcos Diplan,BAL,RP,RP,-14.1,5,0,0,0,0,0,0,5.7,4,1,0,8,5,1.59,2.94,1.59,0.286,
598,Vinny Nittoli,PHI,RP,RP,-14.1,2,0,0,0,0,0,1,2.0,0,0,0,1,1,0.00,5.12,0.50,0.000,
599,Reiss Knehr,SD,RP,RP,-14.1,5,1,0,0,0,0,0,13.7,11,6,1,10,4,3.95,4.36,1.10,0.250,
600,Hunter Gaddis,CLE,SP,SP,-14.1,2,2,0,0,2,0,0,7.3,15,15,7,5,3,18.41,15.39,2.45,0.320,
601,Nate Fisher,FA,RP,RP,-14.1,1,0,0,0,0,0,0,3.0,1,0,0,1,2,0.00,4.45,1.00,0.125,
602,Spencer Patton,FA,RP,RP,-14.2,7,0,0,0,0,0,1,7.0,4,3,1,5,3,3.86,5.69,1.00,0.167,
603,Chris Devenski,PHI,RP,RP,-14.2,12,0,0,2,1,0,0,13.0,17,12,3,11,1,8.31,4.89,1.38,0.333,
604,Sam Selman,OAK,RP,RP,-14.2,16,0,0,0,0,0,0,18.3,16,10,4,18,5,4.91,4.97,1.15,0.255,
605,Mauricio Llovera,SF,RP,RP,-14.2,17,1,0,0,0,0,1,16.3,14,8,2,20,8,4.41,3.73,1.35,0.286,
606,Jason Foley,DET,RP,RP,-14.2,59,0,0,1,0,0,4,59.3,71,26,2,42,11,3.94,2.80,1.38,0.354,
607,Jeremy Beasley,PIT,RP,RP,-14.2,9,0,0,0,0,0,0,15.0,14,8,4,19,5,4.80,5.45,1.27,0.294,
608,Robert Stephenson,PIT,RP,RP,-14.3,57,0,0,2,2,0,8,57.0,63,35,10,54,14,5.53,4.29,1.35,0.319,
609,Silvino Bracho,ATL,RP,RP,-14.3,1,0,0,0,0,0,0,1.0,0,0,0,0,0,0.00,6.12,0.00,0.000,
610,Austin Brice,FA,RP,RP,-14.3,4,0,0,0,0,0,0,6.7,4,3,0,5,3,4.05,2.97,1.05,0.211,
611,Jay Jackson,MIN,RP,RP,-14.3,2,0,0,0,0,0,0,1.3,1,0,0,1,0,0.00,1.62,0.75,0.250,
612,Phillips Valdez,FA,RP,RP,-14.3,13,0,0,0,1,0,0,16.3,12,8,0,13,7,4.41,3.91,1.16,0.261,
613,Zach Thompson,PIT,SP,SP,-14.3,29,22,2,3,10,0,0,121.7,138,70,19,90,46,5.18,4.87,1.51,0.309,
614,Josh Staumont,KC,RP,RP,-14.3,42,0,0,3,3,3,5,37.7,37,27,3,43,29,6.45,4.26,1.75,0.343,5
615,Aneurys Zabala,FA,RP,RP,-14.3,2,0,0,0,0,0,0,2.7,3,0,0,2,1,0.00,2.74,1.50,0.375,
616,Pedro Avila,SD,RP,RP,-14.3,2,0,0,0,0,0,0,4.0,3,2,1,5,1,4.50,5.37,1.00,0.200,
617,Trent Thornton,TOR,RP,RP,-14.3,31,0,0,0,2,0,3,44.0,40,21,7,36,16,4.30,4.71,1.27,0.270,
618,Nick Neidert,MIA,RP,RP,-14.3,1,1,0,0,1,0,0,5.0,5,2,1,3,0,3.60,4.52,1.00,0.250,
619,Bruce Zimmermann,BAL,SP,SP,-14.3,15,13,3,2,5,0,1,73.7,97,49,21,49,12,5.99,6.06,1.48,0.323,
620,Garrett Richards,FA,RP,RP,-14.4,32,2,0,1,1,1,3,42.7,44,25,3,36,13,5.27,3.47,1.34,0.315,
621,Roenis Elias,SEA,RP,RP,-14.4,7,0,0,0,0,0,0,7.7,7,3,1,6,3,3.52,4.42,1.30,0.261,
622,Chad Kuhl,COL,SP,SP,-14.4,27,27,8,6,11,0,0,137.0,155,87,25,110,58,5.72,5.26,1.55,0.312,7
623,Blake Taylor,HOU,RP,RP,-14.4,19,0,0,1,1,0,4,16.0,15,7,1,9,10,3.94,4.87,1.56,0.259,
624,Alex Wells,BAL,RP,RP,-14.4,2,0,0,0,0,0,0,3.7,5,2,2,6,0,4.91,6.93,1.36,0.375,
625,Jeremiah Estrada,CHC,RP,RP,-14.4,5,0,0,0,0,0,0,5.7,6,2,1,8,3,3.18,4.17,1.59,0.385,
626,Conner Menez,CHC,RP,RP,-14.4,1,0,0,0,0,0,0,1.0,1,0,0,1,0,0.00,4.12,1.00,0.333,
627,Tommy Milone,SEA,RP,RP,-14.5,7,0,0,1,1,0,0,16.7,14,10,4,5,6,5.40,6.90,1.20,0.189,
628,Parker Markel,FA,RP,RP,-14.5,3,0,0,0,0,0,0,3.0,1,0,0,3,5,0.00,6.12,2.00,0.200,
629,Jorge Alcala,MIN,RP,RP,-14.5,2,0,0,0,0,0,0,2.3,2,0,0,2,2,0.00,3.97,1.71,0.333,2
630,Tyler Thornburg,FA,RP,RP,-14.6,14,0,0,0,1,0,0,19.0,16,7,1,14,11,3.32,4.22,1.42,0.250,
631,Lucas Sims,CIN,RP,RP,-14.6,6,0,0,1,0,1,0,6.7,5,7,0,5,6,9.45,4.77,1.65,0.263,11
632,Art Warren,CIN,RP,RP,-14.6,39,0,0,2,3,3,4,36.0,37,26,6,40,22,6.50,5.06,1.64,0.326,2
633,Miguel Diaz,DET,RP,RP,-14.6,1,0,0,0,0,0,0,1.3,0,1,0,1,1,6.75,3.87,0.75,0.000,
634,Jordan Sheffield,COL,RP,RP,-14.6,2,0,0,0,0,0,0,2.0,2,0,0,1,2,0.00,5.12,2.00,0.400,
635,Cole Sulser,MIA,RP,RP,-14.6,39,0,0,1,4,2,6,34.0,39,20,6,38,16,5.29,4.59,1.62,0.371,2
636,Cristofer Ogando,FA,RP,RP,-14.6,3,0,0,0,0,0,0,4.3,4,2,0,2,1,4.15,3.58,1.15,0.308,
637,Jordan Holloway,MIA,RP,RP,-14.6,1,0,0,0,0,0,0,2.7,3,1,0,2,1,3.38,2.74,1.50,0.375,
638,Nick Duron,PHI,RP,RP,-14.6,1,0,0,0,0,0,0,1.0,2,0,0,1,0,0.00,1.12,2.00,0.667,
639,Riley O’Brien,SEA,RP,RP,-14.6,1,0,0,0,0,0,0,1.0,1,0,0,1,1,0.00,4.12,2.00,0.333,
640,Robert Gsellman,FA,RP,RP,-14.7,8,0,0,0,2,1,0,15.3,17,8,2,9,3,4.70,4.22,1.30,0.288,
641,Yoan Lopez,NYM,RP,RP,-14.7,8,0,0,1,0,0,0,11.0,14,7,2,10,5,5.73,5.30,1.73,0.353,
642,Collin Wiles,OAK,RP,RP,-14.7,4,0,0,0,0,0,0,9.7,11,5,1,9,2,4.66,3.53,1.34,0.357,
643,Tony Santillan,CIN,RP,RP,-14.7,21,0,0,0,1,4,6,19.7,23,12,1,21,12,5.49,4.08,1.78,0.386,2
644,James Naile,STL,RP,RP,-14.7,7,0,0,0,0,0,0,9.0,8,5,2,5,2,5.00,5.56,1.11,0.214,
645,Jason Alexander,MIL,SP,SP,-14.7,18,11,1,2,3,0,0,71.7,88,43,12,46,28,5.40,5.35,1.62,0.329,
646,Dereck Rodriguez,MIN,RP,RP,-14.8,2,0,0,0,1,0,0,7.7,7,3,3,4,4,3.52,8.72,1.43,0.160,
647,Jordan Weems,WSH,RP,RP,-14.8,31,0,0,0,1,0,0,37.7,34,23,7,38,12,5.50,4.47,1.22,0.265,
648,Beau Sulser,BAL,RP,RP,-14.8,9,0,0,0,0,0,0,21.0,22,9,3,19,9,3.86,4.59,1.48,0.306,
649,Ross Detwiler,BOS,RP,RP,-14.9,30,0,0,0,2,1,1,26.3,31,13,5,28,10,4.44,4.94,1.56,0.338,
650,Cesar Valdez,FA,RP,RP,-14.9,1,0,0,0,0,0,0,1.0,2,1,0,0,0,9.00,3.12,2.00,0.400,
651,Jose Urena,COL,SP,SP,-14.9,20,16,6,3,8,0,0,91.0,104,53,10,59,43,5.24,4.70,1.62,0.316,
652,Hansel Robles,LAD,RP,RP,-14.9,26,0,0,1,3,2,7,24.7,25,16,5,21,14,5.84,5.75,1.58,0.278,
653,Jose Castillo,SD,RP,RP,-14.9,1,0,0,0,0,0,0,1.0,1,1,0,1,1,9.00,4.12,2.00,0.333,
654,Enoli Paredes,HOU,RP,RP,-14.9,3,0,0,0,0,0,0,3.0,3,1,0,2,3,3.00,4.78,2.00,0.333,
655,Joe Kelly,CHW,RP,RP,-15.0,43,1,0,1,3,1,15,37.0,36,25,2,53,23,6.08,3.06,1.59,0.374,
656,Anderson Severino,CHW,RP,RP,-15.0,6,0,0,0,0,0,0,7.3,7,5,0,9,4,6.14,3.12,1.50,0.368,
657,Nicholas Padilla,CHW,RP,RP,-15.0,1,0,0,0,0,0,0,1.7,2,1,0,1,2,5.40,5.52,2.40,0.333,
658,Locke St. John,NYM,RP,RP,-15.0,1,0,0,0,0,0,0,2.0,3,3,2,4,0,13.50,12.12,1.50,0.333,
659,Jhon Romero,MIN,RP,RP,-15.0,4,0,0,0,0,0,0,5.0,9,2,0,6,1,3.60,1.32,2.00,0.529,
660,Gregory Santos,SF,RP,RP,-15.0,2,0,0,0,0,0,0,3.7,3,2,0,2,3,4.91,4.48,1.64,0.250,
661,JoJo Romero,STL,RP,RP,-15.0,15,0,0,0,0,0,0,14.3,11,9,3,15,8,5.65,5.42,1.33,0.258,
662,Francisco Morales,PHI,RP,RP,-15.0,3,0,0,0,0,1,0,5.0,2,4,1,3,6,7.20,8.72,1.60,0.091,
663,Packy Naughton,STL,RP,RP,-15.0,26,3,0,0,2,1,3,32.0,39,17,3,31,7,4.78,3.15,1.44,0.364,
664,Cole Waites,SF,RP,RP,-15.0,5,0,0,0,0,0,0,4.3,5,1,0,3,4,2.08,4.50,2.08,0.385,
665,Kirby Yates,ATL,RP,RP,-15.1,9,0,0,0,0,0,2,7.0,6,4,2,6,5,5.14,7.26,1.57,0.200,
666,Chasen Shreve,NYY,RP,RP,-15.1,25,0,0,1,1,0,4,26.3,27,19,6,29,10,6.49,5.01,1.41,0.304,
667,Drew VerHagen,STL,RP,RP,-15.1,19,0,0,3,1,0,2,21.7,27,16,5,18,14,6.65,6.53,1.89,0.314,
668,Ian Hamilton,CLE,RP,RP,-15.1,1,0,0,0,0,0,0,2.7,3,2,1,0,1,6.75,9.12,1.50,0.222,
669,Sean Reid-Foley,NYM,RP,RP,-15.1,8,0,0,0,0,0,0,10.0,7,6,1,8,7,5.40,5.22,1.40,0.222,
670,Brennan Bernardino,SEA,RP,RP,-15.1,2,0,0,0,1,0,0,2.3,3,1,0,0,2,3.86,5.69,2.14,0.250,
671,Bubby Rossman,PHI,RP,RP,-15.1,1,0,0,0,0,0,0,1.0,1,2,1,1,1,18.00,17.12,2.00,0.000,
672,Logan Allen,COL,RP,RP,-15.1,7,0,0,1,0,0,0,7.7,12,5,0,7,5,5.87,3.64,2.22,0.444,
673,Trevor Kelley,MIL,RP,RP,-15.1,18,0,0,1,0,0,2,23.7,25,16,7,23,9,6.09,6.41,1.44,0.269,
674,Greg Holland,FA,RP,RP,-15.2,5,0,0,0,1,0,0,4.7,6,4,3,5,1,7.71,9.97,1.50,0.250,2
675,Rob Zastryzny,LAA,RP,RP,-15.2,4,0,0,0,0,0,0,2.7,3,3,0,2,1,10.13,2.74,1.50,0.333,
676,Dusten Knight,TB,RP,RP,-15.2,6,0,0,0,1,0,0,11.0,11,7,4,9,4,5.73,7.30,1.36,0.212,
677,Junior Fernandez,PIT,RP,RP,-15.2,14,0,0,0,0,0,3,16.3,17,5,3,12,11,2.76,6.24,1.71,0.292,
678,Rico Garcia,BAL,RP,RP,-15.2,6,0,0,0,0,0,0,8.0,8,4,2,2,3,4.50,6.99,1.38,0.214,
679,Matt Koch,FA,RP,RP,-15.3,4,0,0,0,0,0,0,4.3,5,4,2,3,1,8.31,8.42,1.38,0.214,
680,Connor Sadzeck,WSH,RP,RP,-15.3,2,0,0,0,0,0,0,3.0,4,3,2,2,1,9.00,11.45,1.67,0.250,
681,Edwin Uceta,ARI,RP,RP,-15.3,10,0,0,0,0,0,0,17.0,14,11,2,13,7,5.82,4.53,1.24,0.240,
682,Kohei Arihara,TEX,SP,SP,-15.3,5,4,1,1,3,0,0,20.0,36,21,4,14,11,9.45,6.42,2.35,0.427,
683,Joe Smith,FA,RP,RP,-15.4,34,0,0,1,1,0,14,27.3,33,14,7,17,9,4.61,6.30,1.54,0.292,
684,Andrew Vasquez,SF,RP,RP,-15.4,9,0,0,0,0,0,0,6.7,6,6,1,6,3,8.10,5.97,1.35,0.263,
685,Sam Clay,NYM,RP,RP,-15.4,7,0,0,0,0,0,0,5.3,4,5,1,5,4,8.44,8.18,1.50,0.214,
686,Gerardo Reyes,LAA,RP,RP,-15.4,2,0,0,0,0,0,0,2.0,3,1,1,0,3,4.50,14.12,3.00,0.250,
687,Bennett Sousa,CHW,RP,RP,-15.4,25,0,0,3,0,1,6,20.3,25,19,3,12,10,8.41,5.48,1.72,0.314,
688,Danny Young,ATL,RP,RP,-15.4,3,0,0,0,0,0,0,6.3,11,3,1,6,2,4.26,4.22,2.05,0.435,
689,Jesus Cruz,ATL,RP,RP,-15.4,7,0,0,0,0,0,0,8.7,8,6,3,6,4,6.23,7.96,1.38,0.200,
690,Jake Walsh,STL,RP,RP,-15.4,3,0,0,0,1,0,0,2.7,3,4,0,5,2,13.50,2.74,1.87,0.429,
691,Matt Dermody,FA,RP,RP,-15.5,1,0,0,0,0,0,0,1.0,2,2,0,1,2,18.00,7.12,4.00,0.500,
692,Ryan Hendrix,CIN,RP,RP,-15.5,9,0,0,0,0,0,0,8.3,9,5,0,9,6,5.40,3.84,1.80,0.429,
693,Taylor Widener,ARI,RP,RP,-15.5,13,0,0,0,1,0,1,15.3,20,7,2,12,5,4.11,4.81,1.63,0.340,
694,Adonis Medina,FA,RP,RP,-15.5,14,0,0,1,0,1,0,23.7,30,16,2,17,6,6.09,4.05,1.52,0.350,
695,John King,TEX,RP,RP,-15.5,39,0,0,1,4,0,8,51.3,61,23,5,30,14,4.03,4.09,1.46,0.324,
696,Collin Snider,KC,RP,RP,-15.5,41,0,0,4,2,0,7,33.0,40,25,3,20,15,6.82,4.63,1.67,0.346,
697,Ray Kerr,SD,RP,RP,-15.5,7,0,0,0,0,0,0,5.0,3,5,1,3,4,9.00,6.92,1.40,0.154,
698,Justin Grimm,FA,RP,RP,-15.6,15,0,0,0,0,0,3,15.3,18,7,1,11,7,4.11,4.29,1.63,0.340,
699,Sam Howard,DET,RP,RP,-15.6,3,0,0,0,0,0,0,2.0,2,2,1,1,4,9.00,16.12,3.00,0.200,
700,Justin Topa,MIL,RP,RP,-15.6,7,0,0,0,0,0,1,7.3,9,4,0,4,4,4.91,3.66,1.77,0.333,
701,Shaun Anderson,TOR,RP,RP,-15.6,1,0,0,0,0,0,0,1.0,4,2,0,0,0,18.00,3.12,4.00,0.571,
702,Jimmy Yacabonis,TB,RP,RP,-15.6,13,1,0,1,1,0,0,13.0,18,11,4,19,7,7.62,6.27,1.92,0.424,
703,Daniel Duarte,CIN,RP,RP,-15.6,3,0,0,0,0,0,0,2.7,3,3,1,2,3,10.13,9.87,2.25,0.250,
704,Tucker Davidson,LAA,SP,SP,-15.6,12,11,1,2,7,0,0,52.0,54,39,7,33,35,6.75,5.79,1.71,0.285,
705,Nick Snyder,TEX,RP,RP,-15.6,2,0,0,0,0,0,0,1.0,1,2,0,0,3,18.00,12.12,4.00,0.250,
706,Tyler Clippard,FA,RP,RP,-15.7,4,0,0,0,0,0,0,5.0,6,4,1,4,4,7.20,8.32,2.00,0.312,
707,Paul Fry,ARI,RP,RP,-15.7,13,0,0,0,0,0,1,13.0,11,9,1,14,9,6.23,4.50,1.54,0.294,
708,Dinelson Lamet,COL,RP,RP,-15.7,31,0,0,1,2,0,3,30.3,29,22,4,41,19,6.53,4.40,1.58,0.333,
709,Aaron Fletcher,SF,RP,RP,-15.7,9,0,0,0,1,0,0,11.7,10,9,2,6,4,6.94,6.12,1.20,0.216,
710,Ronel Blanco,HOU,RP,RP,-15.7,7,0,0,0,0,0,0,6.3,8,5,1,7,4,7.11,5.33,1.89,0.368,
711,Matt Peacock,TOR,RP,RP,-15.7,9,0,0,0,0,0,0,10.0,12,6,1,6,4,5.40,4.42,1.60,0.314,
712,Oliver Perez,FA,RP,RP,-15.8,7,0,0,1,1,0,0,4.0,8,7,1,1,1,15.75,7.37,2.25,0.368,
713,Arodys Vizcaino,KC,RP,RP,-15.8,7,0,0,0,0,0,2,5.7,4,4,1,3,7,6.35,8.06,1.94,0.167,
714,Ryan Brasier,BOS,RP,RP,-15.8,66,0,0,0,3,1,11,60.3,67,39,8,62,12,5.82,3.43,1.31,0.339,
715,Aaron Brooks,STL,RP,RP,-15.8,5,0,0,0,0,0,0,9.3,11,8,3,7,2,7.71,6.76,1.39,0.267,
716,Brian Moran,LAA,RP,RP,-15.8,1,0,0,0,0,0,0,0.3,3,2,1,0,1,54.00,0.00,12.01,0.667,
717,Drew Steckenrider,SEA,RP,RP,-15.8,16,0,0,0,2,2,4,14.3,21,9,2,10,5,5.65,4.58,1.81,0.373,2
718,Luke Barker,FA,RP,RP,-15.8,3,0,0,0,0,0,0,4.0,7,5,2,3,0,11.25,8.12,1.75,0.357,
719,Damon Jones,PHI,RP,RP,-15.8,4,0,0,0,0,0,0,4.7,4,5,0,5,5,9.64,6.12,1.93,0.308,
720,Zack Britton,NYY,RP,RP,-15.9,3,0,0,0,0,0,2,0.7,1,1,0,1,6,13.50,0.00,10.49,0.500,
721,R.J. Alvarez,FA,RP,RP,-15.9,1,0,0,0,1,0,0,2.3,4,3,2,2,3,11.57,16.40,3.00,0.333,
722,David McKay,FA,RP,RP,-15.9,4,0,0,0,0,0,0,6.7,8,5,1,3,4,6.75,5.97,1.80,0.292,
723,Jake Bird,COL,RP,RP,-15.9,37,0,0,1,4,0,5,45.7,45,26,7,40,23,5.12,5.13,1.49,0.286,
724,Bryce Montes De Oca,NYM,RP,RP,-15.9,3,0,0,0,0,0,0,3.3,7,4,0,6,2,10.80,1.32,2.70,0.636,
725,Vladimir Gutierrez,CIN,SP,SP,-15.9,10,8,0,1,6,0,0,36.7,46,31,8,29,24,7.61,6.82,1.91,0.339,
726,Pedro Baez,FA,RP,RP,-16.0,4,0,0,0,0,0,0,2.3,5,3,0,2,3,11.57,5.26,3.43,0.455,
727,Mike Minor,CIN,SP,SP,-16.0,19,19,2,4,12,0,0,98.0,120,66,24,76,40,6.06,6.19,1.63,0.312,2
728,Heath Hembree,LAD,RP,RP,-16.0,26,0,0,3,1,0,2,22.0,26,18,6,17,17,7.36,7.43,1.95,0.299,
729,Antonio Senzatela,COL,SP,SP,-16.0,19,19,8,3,7,0,0,92.3,133,52,9,54,23,5.07,4.06,1.69,0.386,
730,Anderson Espinoza,CHC,RP,RP,-16.0,7,0,0,0,2,0,0,18.3,14,11,4,19,16,5.40,7.15,1.64,0.238,
731,T.J. Zeuch,FA,SP,SP,-16.0,3,3,0,0,3,0,0,10.7,24,18,5,5,7,15.19,11.08,2.91,0.432,
732,Adam Kolarek,OAK,RP,RP,-16.1,15,0,0,0,1,0,0,17.7,20,9,1,9,8,4.59,4.70,1.58,0.328,
733,Chad Smith,COL,RP,RP,-16.1,14,0,0,0,0,0,0,16.7,15,12,1,22,13,6.48,3.96,1.68,0.350,
734,Gavin Hollowell,COL,RP,RP,-16.1,5,0,0,0,2,0,0,5.3,7,6,1,7,4,10.13,5.18,2.06,0.375,
735,Alex Colome,COL,RP,RP,-16.2,54,0,0,2,7,4,7,47.0,57,30,5,32,22,5.75,4.54,1.68,0.333,18
736,Chris Mazza,SEA,RP,RP,-16.2,2,0,0,1,0,0,0,5.3,9,7,3,5,6,11.81,13.05,2.81,0.316,
737,Tayler Saucedo,TOR,RP,RP,-16.2,4,0,0,0,0,0,0,2.7,6,4,3,0,1,13.50,18.87,2.62,0.273,
738,Austin Davis,FA,RP,RP,-16.2,52,3,0,2,1,0,3,56.0,57,36,5,64,33,5.79,4.03,1.61,0.335,
739,Foster Griffin,TOR,RP,RP,-16.2,6,0,0,0,0,0,0,6.3,7,6,0,4,5,8.53,4.69,1.89,0.350,
740,Corbin Martin,ARI,RP,RP,-16.2,7,2,0,0,1,0,0,22.3,25,12,3,21,12,4.84,4.59,1.66,0.344,
741,Connor Seabold,BOS,SP,SP,-16.2,5,5,0,0,4,0,0,18.3,35,23,5,19,8,11.29,6.39,2.35,0.476,
742,Ryan Weathers,SD,RP,RP,-16.2,1,1,0,0,0,0,0,3.7,6,4,0,3,4,9.82,4.75,2.73,0.429,
743,Jake McGee,FA,RP,RP,-16.3,42,0,0,1,3,3,4,37.0,41,28,6,25,12,6.81,4.85,1.43,0.294,11
744,Nick Wittgren,FA,RP,RP,-16.3,29,0,0,1,0,1,4,29.0,35,19,1,17,10,5.90,3.84,1.55,0.337,
745,Sam Coonrod,PHI,RP,RP,-16.3,12,0,0,0,0,0,3,12.7,12,11,1,12,7,7.82,4.62,1.50,0.314,
746,Elvin Rodriguez,DET,SP,SP,-16.3,6,5,0,0,3,0,0,26.0,35,29,10,20,13,10.04,8.19,1.85,0.316,
747,Tanner Tully,CLE,RP,RP,-16.3,3,0,0,0,0,0,0,6.0,8,4,1,2,6,6.00,7.62,2.33,0.333,
748,Ashton Goudeau,COL,RP,RP,-16.4,12,0,0,1,0,1,0,20.3,25,16,3,16,10,7.08,4.94,1.72,0.333,
749,Reiver Sanmartin,CIN,RP,RP,-16.4,44,4,0,4,4,0,7,56.0,64,38,7,46,28,6.11,4.60,1.64,0.333,2
750,Ronald Bolanos,KC,RP,RP,-16.4,8,0,0,0,0,0,0,18.3,20,9,2,12,12,4.42,5.68,1.75,0.310,
751,Ethan Roberts,CHC,RP,RP,-16.4,9,0,0,0,1,0,1,7.7,10,7,3,9,6,8.22,8.59,2.09,0.368,
752,Jared Solomon,CIN,RP,RP,-16.5,9,0,0,0,0,0,0,8.3,8,10,3,9,5,10.80,7.80,1.56,0.238,
753,Patrick Murphy,WSH,RP,RP,-16.6,6,0,0,0,0,0,0,5.7,8,4,0,4,8,6.35,5.94,2.82,0.364,
754,Eric Stout,PIT,RP,RP,-16.6,20,0,0,0,0,1,1,22.3,25,14,2,25,16,5.64,4.59,1.84,0.359,
755,Thomas Szapucki,SF,RP,RP,-16.6,11,1,0,0,1,0,1,15.0,19,12,6,18,7,7.20,7.32,1.73,0.361,
756,Kolby Allard,TEX,RP,RP,-16.6,9,0,0,0,2,1,0,17.0,19,16,8,13,4,8.47,8.59,1.35,0.244,
757,Phillip Diehl,NYM,RP,RP,-16.6,5,0,0,0,0,0,0,5.7,8,7,3,3,3,11.12,10.53,1.94,0.263,
758,Sergio Romo,FA,RP,RP,-16.8,23,0,0,0,1,0,4,18.0,19,15,7,14,6,7.50,7.62,1.39,0.231,
759,Ty Blach,COL,RP,RP,-16.8,23,1,0,1,0,1,0,43.3,50,29,4,28,11,6.02,3.92,1.41,0.322,
760,Sean Hjelle,SF,RP,RP,-16.8,7,0,0,1,2,0,0,20.0,29,16,3,20,7,7.20,4.27,1.80,0.394,
761,Kaleb Ort,BOS,RP,RP,-16.8,25,0,0,1,2,1,1,28.3,35,20,4,27,15,6.35,4.85,1.76,0.348,
762,Tayler Scott,PHI,RP,RP,-16.9,8,0,0,0,1,0,0,12.0,19,9,1,13,6,6.75,3.53,2.08,0.462,
763,James Norwood,BOS,RP,RP,-16.9,20,0,0,1,0,0,1,17.3,24,16,2,22,9,8.31,3.64,1.90,0.423,
764,Adam Oller,OAK,SP,SP,-16.9,19,14,3,2,8,0,1,74.3,82,52,17,46,39,6.30,6.51,1.63,0.280,
765,Jacob Lemoine,FA,RP,RP,-17.1,9,0,0,0,0,0,0,16.3,18,14,4,13,7,7.71,5.99,1.53,0.280,
766,Julian Merryweather,TOR,RP,RP,-17.1,26,1,0,0,3,0,1,26.7,31,20,4,23,7,6.75,4.35,1.42,0.333,
767,Elvis Peguero,LAA,RP,RP,-17.1,13,0,0,0,0,0,0,17.3,23,13,4,12,5,6.75,5.60,1.62,0.339,
768,Reed Garrett,WSH,RP,RP,-17.2,6,0,0,0,1,0,0,7.7,11,7,1,4,7,8.22,6.90,2.35,0.345,
769,Cam Vieaux,PIT,RP,RP,-17.2,8,0,0,0,0,0,1,8.7,15,10,2,15,5,10.39,4.73,2.31,0.542,
770,Casey Lawrence,TOR,RP,RP,-17.3,5,0,0,0,1,0,0,15.7,20,14,5,9,3,8.04,6.88,1.47,0.300,
771,Jose Marte,LAA,RP,RP,-17.3,11,0,0,0,0,0,0,11.0,8,9,2,15,18,7.36,7.66,2.36,0.261,
772,Franklin German,BOS,RP,RP,-17.3,5,0,0,0,0,0,0,4.0,7,8,2,4,4,18.00,10.62,2.75,0.385,
773,Louis Head,BAL,RP,RP,-17.4,28,0,0,0,0,1,1,28.7,32,20,4,26,15,6.28,5.21,1.64,0.322,
774,Norge Ruiz,OAK,RP,RP,-17.4,13,0,0,0,1,0,0,18.3,27,13,3,18,7,6.38,4.75,1.85,0.387,
775,J.C. Mejia,MIL,RP,RP,-17.4,2,0,0,0,0,0,0,2.3,5,6,0,1,5,23.14,8.69,4.29,0.500,
776,Francisco Perez,WSH,RP,RP,-17.4,10,0,0,0,0,0,0,8.7,13,7,2,7,9,7.27,7.62,2.54,0.367,
777,Jhoulys Chacin,FA,RP,RP,-17.6,36,0,0,4,2,0,2,47.3,55,40,7,37,21,7.61,4.93,1.61,0.314,
778,Travis Lakins Sr.,BAL,RP,RP,-17.6,6,0,0,0,1,0,0,10.3,14,11,3,8,6,9.58,7.37,1.94,0.344,
779,Yunior Marte,SF,RP,RP,-17.7,38,0,0,0,1,0,2,46.0,47,29,5,42,22,5.67,4.53,1.50,0.316,
780,Bryan Hoeing,MIA,RP,RP,-17.7,6,1,0,1,1,0,0,10.3,17,14,4,5,4,12.19,8.34,2.03,0.351,
781,Anthony Castro,BAL,RP,RP,-17.9,12,0,0,0,0,0,0,13.3,19,11,5,12,10,7.43,8.44,2.18,0.368,
782,Kervin Castro,FA,RP,RP,-17.9,10,0,0,0,1,0,0,12.3,15,14,3,11,7,10.22,6.20,1.78,0.333,
783,Thomas Hatch,TOR,RP,RP,-18.2,1,1,0,0,1,0,0,4.7,12,10,3,4,2,19.29,11.69,3.00,0.562,
784,Jeurys Familia,FA,RP,RP,-18.3,48,0,0,2,3,0,7,44.3,58,30,7,41,22,6.09,4.94,1.80,0.381,
785,Kris Bubic,KC,SP,SP,-18.4,28,27,7,3,13,0,0,129.0,156,80,18,110,63,5.58,4.78,1.70,0.353,5
786,Joan Adon,WSH,SP,SP,-18.5,14,14,2,1,12,0,0,64.7,76,51,8,55,39,7.10,5.11,1.78,0.338,
787,Sean Newcomb,FA,RP,RP,-18.6,20,1,0,2,1,0,2,27.7,33,27,8,28,19,8.78,6.91,1.88,0.316,
788,Anthony Banda,NYY,RP,RP,-18.6,32,1,0,1,1,0,2,26.7,43,20,4,30,13,6.75,4.50,2.10,0.453,
789,Andrew Nardi,MIA,RP,RP,-19.1,12,0,0,0,1,0,1,13.3,22,14,4,21,13,9.45,6.79,2.63,0.474,
790,Carlos Hernandez,KC,SP,SP,-19.3,26,7,0,0,5,0,1,54.3,68,44,7,34,30,7.29,5.25,1.80,0.330,5
791,Miguel Yajure,PIT,RP,RP,-19.6,12,1,0,1,1,1,0,24.3,31,24,3,16,16,8.88,5.62,1.93,0.341,
792,Kirby Snead,OAK,RP,RP,-19.6,45,0,0,1,1,0,5,43.3,56,29,5,35,22,6.02,4.66,1.80,0.362,
793,T.J. McFarland,STL,RP,RP,-19.7,28,0,0,0,0,0,1,32.7,42,24,5,16,11,6.61,5.32,1.62,0.336,
794,Domingo Tapia,OAK,RP,RP,-20.0,11,0,0,0,0,0,0,17.0,25,16,1,12,14,8.47,5.12,2.29,0.387,
795,Jake Brentz,KC,RP,RP,-20.0,8,0,0,0,3,0,2,5.3,11,14,1,9,10,23.63,8.37,3.94,0.625,
796,Jackson Kowar,KC,RP,RP,-20.1,7,0,0,0,0,0,2,15.7,27,17,4,17,11,9.77,6.37,2.43,0.460,
797,Luis Frias,ARI,RP,RP,-20.1,15,0,0,1,1,0,3,17.0,23,20,1,14,17,10.59,5.41,2.35,0.386,
798,Yennier Cano,BAL,RP,RP,-20.1,11,0,0,1,0,0,0,15.3,23,21,3,17,14,12.33,6.38,2.41,0.408,
799,Patrick Corbin,WSH,SP,SP,-20.2,31,31,9,6,19,0,0,152.7,210,107,27,128,49,6.31,4.84,1.70,0.365,16
800,Darwinzon Hernandez,BOS,RP,RP,-20.4,7,0,0,0,1,0,0,6.7,14,16,4,9,8,21.60,12.72,3.30,0.500,
801,Dallas Keuchel,FA,SP,SP,-23.6,14,14,2,2,9,0,0,60.7,94,62,11,45,31,9.20,5.52,2.06,0.384,